user_id,edition_id,read
2143087,2895390,0
2143087,2895397,0
2143087,2895399,0
2143087,2895401,0
2142664,2895390,0
2142664,2895397,0
2142664,2895399,0
2142664,2895401,0
2143331,2895390,0
2143331,2895396,0
2143331,2895399,0
2143331,2895401,0
2142282,2895390,0
2142282,2895396,0
2142282,2895398,0
2142282,2895401,0
2142924,2895389,0
2142924,2895396,0
2142924,2895400,0
2142924,2895401,0
2142194,2895390,0
2142194,2895397,0
2142194,2895399,0
2142194,2895401,0
2143566,2895390,0
2143566,2895396,0
2143566,2895399,0
2143566,2895401,0
2142517,2895389,0
2142517,2895397,0
2142517,2895399,0
2142517,2895401,0
2143159,2895390,0
2143159,2895396,0
2143159,2895400,0
2143159,2895401,0
2142761,2895390,0
2142761,2895397,0
2142761,2895399,0
2142761,2895401,0
2142047,2895389,0
2142047,2895397,0
2142047,2895399,0
2142047,2895401,0
2143403,2895390,0
2143403,2895397,0
2143403,2895399,1
2143403,2895401,0
2142354,2895389,0
2142354,2895397,0
2142354,2895399,0
2142354,2895401,0
2142996,2895389,0
2142996,2895396,0
2142996,2895399,0
2142996,2895401,0
2143240,2895390,0
2143240,2895397,0
2143240,2895398,0
2143240,2895401,0
2142463,2895389,0
2142463,2895396,0
2142463,2895398,0
2142463,2895401,0
2143089,2895389,0
2143089,2895397,0
2143089,2895398,0
2143089,2895401,0
2142119,2895389,0
2142119,2895396,0
2142119,2895400,0
2142119,2895401,0
2142682,2895389,0
2142682,2895397,0
2142682,2895399,0
2142682,2895401,0
2143349,2895390,0
2143349,2895397,0
2143349,2895400,0
2143349,2895401,0
2142300,2895389,0
2142300,2895397,0
2142300,2895398,0
2142300,2895401,0
2142942,2895390,0
2142942,2895396,0
2142942,2895399,0
2142942,2895401,0
2142535,2895389,0
2142535,2895397,0
2142535,2895399,0
2142535,2895401,0
2143161,2895389,0
2143161,2895397,0
2143161,2895398,0
2143161,2895401,0
2143421,2895390,0
2143421,2895396,0
2143421,2895399,0
2143421,2895401,0
2142372,2895390,0
2142372,2895396,0
2142372,2895399,0
2142372,2895401,0
2143014,2895389,0
2143014,2895397,0
2143014,2895398,0
2143014,2895401,0
2142607,2895389,0
2142607,2895397,0
2142607,2895398,0
2142607,2895401,0
2143258,2895390,0
2143258,2895396,0
2143258,2895399,0
2143258,2895401,0
2142209,2895389,0
2142209,2895397,0
2142209,2895399,0
2142209,2895401,0
2142851,2895389,0
2142851,2895396,0
2142851,2895399,0
2142851,2895401,0
2142700,2895390,0
2142700,2895396,0
2142700,2895399,0
2142700,2895401,1
2099000,2895390,0
2099000,2895396,0
2099000,2895400,0
2099000,2895401,0
2142318,2895390,0
2142318,2895396,0
2142318,2895399,0
2142318,2895401,0
2142944,2895389,0
2142944,2895397,0
2142944,2895400,0
2142944,2895401,0
2142537,2895389,0
2142537,2895397,0
2142537,2895400,0
2142537,2895401,0
2142797,2895389,0
2142797,2895397,0
2142797,2895398,0
2142797,2895401,0
2143439,2895390,0
2143439,2895397,0
2143439,2895399,0
2143439,2895401,0
2142390,2895389,0
2142390,2895396,0
2142390,2895400,0
2142390,2895401,0
2143016,2895389,0
2143016,2895396,0
2143016,2895400,0
2143016,2895401,0
2142609,2895390,0
2142609,2895397,1
2142609,2895400,0
2142609,2895401,0
2143276,2895390,0
2143276,2895397,0
2143276,2895398,0
2143276,2895401,0
2142227,2895390,0
2142227,2895397,0
2142227,2895398,0
2142227,2895401,0
2142869,2895389,0
2142869,2895397,0
2142869,2895398,0
2142869,2895401,0
2142718,2895389,0
2142718,2895396,0
2142718,2895400,0
2142718,2895401,0
2142320,2895389,0
2142320,2895397,0
2142320,2895399,0
2142320,2895401,0
2142962,2895389,0
2142962,2895396,0
2142962,2895400,0
2142962,2895401,0
2074765,2895390,0
2074765,2895396,0
2074765,2895400,0
2074765,2895401,0
2142555,2895389,0
2142555,2895397,0
2142555,2895399,0
2142555,2895401,0
2143197,2895389,0
2143197,2895397,0
2143197,2895398,0
2143197,2895401,0
2142815,2895389,0
2142815,2895397,0
2142815,2895399,0
2142815,2895401,0
2124652,2895389,0
2124652,2895396,0
2124652,2895399,0
2124652,2895401,0
2113799,2895390,0
2113799,2895396,0
2113799,2895400,0
2113799,2895401,0
2142392,2895389,0
2142392,2895397,0
2142392,2895398,0
2142392,2895401,0
2143034,2895389,0
2143034,2895397,0
2143034,2895400,0
2143034,2895401,0
2142627,2895389,0
2142627,2895397,0
2142627,2895398,0
2142627,2895401,0
2143294,2895390,0
2143294,2895396,0
2143294,2895400,0
2143294,2895401,0
2142245,2895389,0
2142245,2895396,0
2142245,2895398,0
2142245,2895401,0
2142887,2895390,0
2142887,2895396,0
2142887,2895400,0
2142887,2895401,0
2142464,2895389,0
2142464,2895396,0
2142464,2895399,0
2142464,2895401,0
2143106,2895389,0
2143106,2895397,0
2143106,2895399,0
2143106,2895401,0
2142724,2895389,0
2142724,2895396,0
2142724,2895398,0
2142724,2895401,0
2143366,2895390,0
2143366,2895397,0
2143366,2895399,1
2143366,2895401,0
2142573,2895389,0
2142573,2895396,0
2142573,2895398,0
2142573,2895401,0
2143215,2895390,0
2143215,2895397,0
2143215,2895400,0
2143215,2895401,0
2142817,2895390,0
2142817,2895397,0
2142817,2895400,0
2142817,2895401,0
2143459,2895389,0
2143459,2895396,0
2143459,2895400,0
2143459,2895401,0
2142410,2895390,0
2142410,2895397,0
2142410,2895400,0
2142410,2895401,0
2143052,2895389,0
2143052,2895396,0
2143052,2895400,0
2143052,2895401,0
2081935,2895390,0
2081935,2895397,0
2081935,2895399,0
2081935,2895401,0
2142645,2895390,0
2142645,2895397,0
2142645,2895399,0
2142645,2895401,0
2143296,2895389,0
2143296,2895396,0
2143296,2895399,0
2143296,2895401,0
2142263,2895389,0
2142263,2895396,0
2142263,2895399,0
2142263,2895401,0
2142889,2895390,0
2142889,2895396,0
2142889,2895400,0
2142889,2895401,0
2142175,2895390,0
2142175,2895396,0
2142175,2895400,0
2142175,2895401,0
2142482,2895390,0
2142482,2895397,0
2142482,2895400,0
2142482,2895401,0
2143124,2895389,0
2143124,2895396,0
2143124,2895400,0
2143124,2895401,0
2142742,2895389,0
2142742,2895397,0
2142742,2895400,0
2142742,2895401,0
2143368,2895390,0
2143368,2895397,0
2143368,2895400,0
2143368,2895401,0
2142591,2895390,0
2142591,2895397,0
2142591,2895400,0
2142591,2895401,0
2143217,2895390,0
2143217,2895396,0
2143217,2895400,0
2143217,2895401,0
2142835,2895390,0
2142835,2895397,0
2142835,2895399,0
2142835,2895401,0
2143477,2895389,0
2143477,2895396,0
2143477,2895398,0
2143477,2895401,0
2142428,2895389,0
2142428,2895397,0
2142428,2895399,0
2142428,2895401,0
2143070,2895389,0
2143070,2895397,0
2143070,2895400,0
2143070,2895401,0
2142663,2895389,0
2142663,2895396,0
2142663,2895398,0
2142663,2895401,0
2143314,2895389,0
2143314,2895396,0
2143314,2895399,0
2143314,2895401,0
2142265,2895389,0
2142265,2895397,0
2142265,2895398,0
2142265,2895401,0
2142907,2895390,0
2142907,2895397,0
2142907,2895400,0
2142907,2895401,0
2142177,2895389,0
2142177,2895397,0
2142177,2895399,0
2142177,2895401,0
2142500,2895389,0
2142500,2895397,0
2142500,2895399,0
2142500,2895401,0
2143142,2895389,0
2143142,2895396,0
2143142,2895398,0
2143142,2895401,0
2142744,2895390,0
2142744,2895396,0
2142744,2895400,0
2142744,2895401,0
2074803,2895390,0
2074803,2895397,0
2074803,2895400,0
2074803,2895401,0
2143386,2895390,0
2143386,2895396,0
2143386,2895398,0
2143386,2895401,0
2142337,2895390,0
2142337,2895396,0
2142337,2895399,0
2142337,2895401,0
2142979,2895390,0
2142979,2895397,0
2142979,2895399,0
2142979,2895401,0
2144607,2895390,0
2144607,2895396,0
2144607,2895399,0
2144607,2895401,0
2074640,2895390,0
2074640,2895397,0
2074640,2895398,0
2074640,2895401,0
2143239,2895389,0
2143239,2895397,0
2143239,2895399,0
2143239,2895401,0
2142446,2895389,0
2142446,2895397,0
2142446,2895400,0
2142446,2895401,0
2143072,2895390,0
2143072,2895396,0
2143072,2895398,0
2143072,2895401,0
2078178,2895389,0
2078178,2895397,0
2078178,2895399,0
2078178,2895401,0
2143332,2895389,0
2143332,2895396,0
2143332,2895398,0
2143332,2895401,0
2142283,2895389,0
2142283,2895396,0
2142283,2895398,0
2142283,2895401,0
2125169,2895389,0
2125169,2895396,0
2125169,2895399,0
2125169,2895401,0
2142925,2895390,0
2142925,2895397,0
2142925,2895399,0
2142925,2895401,0
2142195,2895390,0
2142195,2895397,0
2142195,2895400,0
2142195,2895401,0
2142518,2895389,0
2142518,2895396,0
2142518,2895400,0
2142518,2895401,0
2142762,2895389,0
2142762,2895396,0
2142762,2895399,0
2142762,2895401,0
2143404,2895389,0
2143404,2895396,0
2143404,2895398,0
2143404,2895401,0
2142355,2895390,0
2142355,2895396,0
2142355,2895400,1
2142355,2895401,0
2142997,2895389,0
2142997,2895397,0
2142997,2895398,0
2142997,2895401,0
2144609,2895390,0
2144609,2895396,0
2144609,2895400,0
2144609,2895401,0
2143241,2895389,0
2143241,2895396,0
2143241,2895400,0
2143241,2895401,0
2142448,2895390,0
2142448,2895397,0
2142448,2895399,0
2142448,2895401,0
2143090,2895390,0
2143090,2895396,0
2143090,2895398,0
2143090,2895401,0
2142683,2895389,0
2142683,2895396,0
2142683,2895399,0
2142683,2895401,0
2143350,2895389,0
2143350,2895397,0
2143350,2895400,0
2143350,2895401,0
2142301,2895389,0
2142301,2895397,0
2142301,2895400,0
2142301,2895401,0
2142943,2895390,0
2142943,2895396,0
2142943,2895399,0
2142943,2895401,0
2142520,2895389,0
2142520,2895397,0
2142520,2895398,0
2142520,2895401,0
2143162,2895389,0
2143162,2895396,0
2143162,2895399,0
2143162,2895401,0
2142780,2895389,0
2142780,2895396,0
2142780,2895399,0
2142780,2895401,0
2142373,2895389,0
2142373,2895396,0
2142373,2895400,0
2142373,2895401,0
2143015,2895390,0
2143015,2895397,0
2143015,2895399,0
2143015,2895401,0
2142592,2895390,0
2142592,2895397,0
2142592,2895399,0
2142592,2895401,0
2143259,2895389,0
2143259,2895396,0
2143259,2895400,0
2143259,2895401,1
2142210,2895390,0
2142210,2895397,0
2142210,2895399,0
2142210,2895401,0
2142852,2895390,0
2142852,2895397,0
2142852,2895398,0
2142852,2895401,0
2142701,2895390,0
2142701,2895396,0
2142701,2895398,0
2142701,2895401,0
2143352,2895389,0
2143352,2895396,0
2143352,2895400,0
2143352,2895401,0
2142319,2895390,0
2142319,2895397,0
2142319,2895398,0
2142319,2895401,0
2142945,2895389,0
2142945,2895396,0
2142945,2895399,0
2142945,2895401,1
2142538,2895389,0
2142538,2895396,0
2142538,2895398,0
2142538,2895401,0
2144229,2895390,0
2144229,2895397,0
2144229,2895399,0
2144229,2895401,0
2143180,2895389,0
2143180,2895397,0
2143180,2895400,0
2143180,2895401,0
2142798,2895389,0
2142798,2895397,0
2142798,2895400,0
2142798,2895401,0
2143424,2895390,0
2143424,2895396,0
2143424,2895400,0
2143424,2895401,0
2142391,2895390,0
2142391,2895397,0
2142391,2895399,0
2142391,2895401,0
2143017,2895389,0
2143017,2895397,0
2143017,2895398,0
2143017,2895401,0
2124228,2895390,0
2124228,2895396,0
2124228,2895400,0
2124228,2895401,0
2142610,2895389,0
2142610,2895397,0
2142610,2895398,0
2142610,2895401,0
2143277,2895390,0
2143277,2895396,0
2143277,2895398,0
2143277,2895401,0
2142228,2895390,0
2142228,2895397,0
2142228,2895398,0
2142228,2895401,0
2142870,2895389,0
2142870,2895396,0
2142870,2895399,1
2142870,2895401,0
2142719,2895389,0
2142719,2895396,0
2142719,2895398,0
2142719,2895401,0
2142321,2895390,0
2142321,2895397,0
2142321,2895400,0
2142321,2895401,0
2123188,2895390,0
2123188,2895397,0
2123188,2895399,0
2123188,2895401,0
2142556,2895389,0
2142556,2895396,0
2142556,2895399,0
2142556,2895401,0
2143198,2895390,0
2143198,2895397,1
2143198,2895399,0
2143198,2895401,0
2142800,2895389,0
2142800,2895396,0
2142800,2895400,0
2142800,2895401,0
2143442,2895390,0
2143442,2895396,0
2143442,2895398,0
2143442,2895401,0
2142393,2895389,0
2142393,2895396,0
2142393,2895400,0
2142393,2895401,0
2143035,2895389,0
2143035,2895397,1
2143035,2895400,0
2143035,2895401,0
2142628,2895389,0
2142628,2895397,0
2142628,2895398,0
2142628,2895401,1
2143295,2895390,0
2143295,2895396,0
2143295,2895398,0
2143295,2895401,0
2142246,2895389,0
2142246,2895397,0
2142246,2895399,0
2142246,2895401,0
2142872,2895389,0
2142872,2895397,0
2142872,2895398,0
2142872,2895401,0
2142465,2895389,0
2142465,2895396,0
2142465,2895400,0
2142465,2895401,0
2143107,2895389,0
2143107,2895396,0
2143107,2895398,0
2143107,2895401,0
2142725,2895389,0
2142725,2895397,0
2142725,2895399,0
2142725,2895401,0
2143367,2895390,0
2143367,2895396,0
2143367,2895399,0
2143367,2895401,0
2142574,2895389,0
2142574,2895396,0
2142574,2895399,0
2142574,2895401,0
2142818,2895389,0
2142818,2895397,0
2142818,2895400,1
2142818,2895401,0
2143460,2895389,0
2143460,2895396,0
2143460,2895398,0
2143460,2895401,0
2142411,2895389,0
2142411,2895397,0
2142411,2895400,0
2142411,2895401,0
2142646,2895390,0
2142646,2895397,0
2142646,2895399,0
2142646,2895401,0
2143297,2895390,0
2143297,2895397,0
2143297,2895398,0
2143297,2895401,0
2142248,2895390,0
2142248,2895396,0
2142248,2895398,0
2142248,2895401,0
2142890,2895390,0
2142890,2895396,0
2142890,2895399,0
2142890,2895401,0
2124101,2895389,0
2124101,2895397,0
2124101,2895400,0
2124101,2895401,0
2142160,2895389,0
2142160,2895396,0
2142160,2895400,0
2142160,2895401,0
2142483,2895389,0
2142483,2895397,0
2142483,2895400,0
2142483,2895401,1
2143125,2895390,0
2143125,2895396,1
2143125,2895398,0
2143125,2895401,0
2142743,2895390,0
2142743,2895396,0
2142743,2895399,0
2142743,2895401,0
2143369,2895390,0
2143369,2895396,0
2143369,2895398,0
2143369,2895401,0
2142576,2895389,0
2142576,2895396,0
2142576,2895398,0
2142576,2895401,0
2143218,2895389,0
2143218,2895397,0
2143218,2895400,0
2143218,2895401,0
2142836,2895389,0
2142836,2895397,1
2142836,2895400,0
2142836,2895401,0
2143478,2895390,0
2143478,2895397,0
2143478,2895399,0
2143478,2895401,0
2142429,2895389,0
2142429,2895396,0
2142429,2895399,0
2142429,2895401,0
2143071,2895389,0
2143071,2895397,0
2143071,2895398,0
2143071,2895401,0
2142648,2895389,0
2142648,2895397,0
2142648,2895399,0
2142648,2895401,0
2143315,2895389,0
2143315,2895396,0
2143315,2895399,0
2143315,2895401,0
2142266,2895389,1
2142266,2895397,0
2142266,2895398,0
2142266,2895401,0
2124119,2895390,0
2124119,2895396,0
2124119,2895398,0
2124119,2895401,0
2142178,2895389,0
2142178,2895396,0
2142178,2895398,0
2142178,2895401,0
2081405,2895389,0
2081405,2895396,0
2081405,2895399,0
2081405,2895401,0
2142501,2895389,0
2142501,2895397,0
2142501,2895399,0
2142501,2895401,0
2143143,2895390,0
2143143,2895397,0
2143143,2895398,0
2143143,2895401,0
2142745,2895390,0
2142745,2895397,0
2142745,2895399,1
2142745,2895401,0
2143387,2895390,0
2143387,2895396,0
2143387,2895399,0
2143387,2895401,0
2142338,2895389,0
2142338,2895396,0
2142338,2895400,0
2142338,2895401,0
2142980,2895390,0
2142980,2895397,0
2142980,2895399,0
2142980,2895401,0
2144592,2895390,0
2144592,2895396,0
2144592,2895400,0
2144592,2895401,0
2142666,2895390,0
2142666,2895396,0
2142666,2895398,0
2142666,2895401,0
2143333,2895389,0
2143333,2895397,0
2143333,2895399,0
2143333,2895401,0
2142284,2895389,0
2142284,2895397,0
2142284,2895399,0
2142284,2895401,0
2142926,2895389,0
2142926,2895396,0
2142926,2895398,0
2142926,2895401,0
2142196,2895390,0
2142196,2895397,0
2142196,2895400,0
2142196,2895401,0
2142519,2895390,0
2142519,2895397,0
2142519,2895398,0
2142519,2895401,0
2143145,2895389,0
2143145,2895396,0
2143145,2895400,0
2143145,2895401,0
2142763,2895389,0
2142763,2895396,0
2142763,2895399,0
2142763,2895401,0
2143405,2895389,0
2143405,2895397,0
2143405,2895398,0
2143405,2895401,0
2142356,2895389,0
2142356,2895397,0
2142356,2895400,0
2142356,2895401,0
2142998,2895389,0
2142998,2895396,0
2142998,2895399,0
2142998,2895401,0
2143242,2895389,0
2143242,2895397,0
2143242,2895398,0
2143242,2895401,0
2142449,2895389,0
2142449,2895397,0
2142449,2895398,0
2142449,2895401,0
2142684,2895390,0
2142684,2895396,0
2142684,2895398,0
2142684,2895401,0
2143351,2895390,0
2143351,2895396,0
2143351,2895398,0
2143351,2895401,0
2142302,2895390,0
2142302,2895396,0
2142302,2895400,0
2142302,2895401,0
2142928,2895389,0
2142928,2895396,0
2142928,2895398,0
2142928,2895401,0
2142521,2895389,0
2142521,2895397,0
2142521,2895400,0
2142521,2895401,0
2143163,2895389,1
2143163,2895396,0
2143163,2895398,0
2143163,2895401,0
2142781,2895390,0
2142781,2895396,0
2142781,2895400,0
2142781,2895401,0
2143423,2895389,0
2143423,2895396,0
2143423,2895400,0
2143423,2895401,0
2142374,2895390,0
2142374,2895396,0
2142374,2895400,0
2142374,2895401,0
2143000,2895389,0
2143000,2895397,0
2143000,2895399,0
2143000,2895401,0
2117312,2895389,0
2117312,2895396,0
2117312,2895399,0
2117312,2895401,0
2142593,2895389,0
2142593,2895397,0
2142593,2895400,0
2142593,2895401,0
2143260,2895389,0
2143260,2895397,0
2143260,2895400,0
2143260,2895401,0
2142211,2895390,0
2142211,2895397,0
2142211,2895399,0
2142211,2895401,0
2142853,2895389,0
2142853,2895397,0
2142853,2895399,0
2142853,2895401,0
2144465,2895390,0
2144465,2895397,0
2144465,2895398,0
2144465,2895401,0
2142702,2895389,0
2142702,2895397,0
2142702,2895398,0
2142702,2895401,0
2143353,2895390,0
2143353,2895397,0
2143353,2895399,0
2143353,2895401,0
2142304,2895389,0
2142304,2895397,0
2142304,2895398,0
2142304,2895401,0
2142946,2895390,0
2142946,2895396,0
2142946,2895399,0
2142946,2895401,0
2142539,2895390,0
2142539,2895396,0
2142539,2895398,0
2142539,2895401,0
2143181,2895389,0
2143181,2895397,0
2143181,2895399,0
2143181,2895401,0
2142799,2895389,0
2142799,2895396,0
2142799,2895400,0
2142799,2895401,0
2143425,2895389,0
2143425,2895397,0
2143425,2895400,0
2143425,2895401,0
2142376,2895389,0
2142376,2895396,0
2142376,2895400,0
2142376,2895401,0
2143018,2895389,0
2143018,2895397,0
2143018,2895400,0
2143018,2895401,0
2142611,2895389,0
2142611,2895396,0
2142611,2895400,0
2142611,2895401,0
2143278,2895389,0
2143278,2895397,0
2143278,2895399,0
2143278,2895401,1
2142871,2895390,0
2142871,2895397,0
2142871,2895398,0
2142871,2895401,0
2142704,2895389,0
2142704,2895396,0
2142704,2895398,0
2142704,2895401,1
2142322,2895389,0
2142322,2895396,0
2142322,2895398,0
2142322,2895401,0
2142964,2895389,0
2142964,2895397,0
2142964,2895400,0
2142964,2895401,0
2142557,2895390,0
2142557,2895396,0
2142557,2895399,0
2142557,2895401,0
2142801,2895390,0
2142801,2895397,0
2142801,2895398,0
2142801,2895401,0
2143443,2895390,0
2143443,2895396,0
2143443,2895398,0
2143443,2895401,0
2142394,2895389,0
2142394,2895396,0
2142394,2895400,0
2142394,2895401,0
2143036,2895390,0
2143036,2895396,0
2143036,2895400,0
2143036,2895401,0
2143280,2895389,0
2143280,2895397,0
2143280,2895399,0
2143280,2895401,0
2142873,2895390,0
2142873,2895397,0
2142873,2895399,0
2142873,2895401,0
2142466,2895389,0
2142466,2895396,0
2142466,2895398,1
2142466,2895401,0
2143108,2895390,1
2143108,2895396,0
2143108,2895398,0
2143108,2895401,0
2142726,2895390,0
2142726,2895397,0
2142726,2895399,0
2142726,2895401,0
2142575,2895390,0
2142575,2895397,0
2142575,2895399,0
2142575,2895401,0
2143201,2895390,0
2143201,2895396,0
2143201,2895400,0
2143201,2895401,0
2144573,2895389,0
2144573,2895396,0
2144573,2895400,0
2144573,2895401,0
2142819,2895389,0
2142819,2895397,0
2142819,2895398,0
2142819,2895401,0
2142412,2895389,0
2142412,2895397,0
2142412,2895398,0
2142412,2895401,1
2143054,2895389,0
2143054,2895396,0
2143054,2895398,0
2143054,2895401,0
2142647,2895390,0
2142647,2895396,0
2142647,2895400,0
2142647,2895401,0
2143298,2895390,0
2143298,2895397,0
2143298,2895400,0
2143298,2895401,0
2142249,2895389,0
2142249,2895396,0
2142249,2895399,0
2142249,2895401,0
2142161,2895389,0
2142161,2895396,0
2142161,2895398,0
2142161,2895401,0
2142484,2895389,0
2142484,2895397,0
2142484,2895398,0
2142484,2895401,0
2143126,2895390,0
2143126,2895396,0
2143126,2895400,0
2143126,2895401,0
2142728,2895390,0
2142728,2895397,0
2142728,2895400,0
2142728,2895401,0
2143370,2895390,0
2143370,2895396,0
2143370,2895399,0
2143370,2895401,0
2142577,2895390,0
2142577,2895396,0
2142577,2895400,0
2142577,2895401,0
2143219,2895390,0
2143219,2895396,0
2143219,2895398,0
2143219,2895401,0
2142837,2895390,0
2142837,2895397,0
2142837,2895400,0
2142837,2895401,0
2142430,2895390,0
2142430,2895396,0
2142430,2895400,0
2142430,2895401,0
2143056,2895390,0
2143056,2895397,0
2143056,2895398,0
2143056,2895401,0
2142649,2895390,0
2142649,2895397,0
2142649,2895400,0
2142649,2895401,0
2143316,2895390,0
2143316,2895397,0
2143316,2895399,0
2143316,2895401,0
2142267,2895390,0
2142267,2895396,0
2142267,2895399,0
2142267,2895401,0
2142909,2895390,0
2142909,2895396,0
2142909,2895400,0
2142909,2895401,0
2142179,2895389,0
2142179,2895396,0
2142179,2895398,0
2142179,2895401,0
2142502,2895390,0
2142502,2895397,0
2142502,2895400,0
2142502,2895401,0
2113767,2895390,0
2113767,2895396,0
2113767,2895400,0
2113767,2895401,0
2143128,2895390,0
2143128,2895397,0
2143128,2895398,0
2143128,2895401,0
2142746,2895389,0
2142746,2895397,0
2142746,2895399,0
2142746,2895401,0
2143388,2895389,0
2143388,2895396,0
2143388,2895398,0
2143388,2895401,0
2142339,2895389,0
2142339,2895396,0
2142339,2895400,0
2142339,2895401,0
2142981,2895390,0
2142981,2895397,0
2142981,2895400,0
2142981,2895401,0
2144593,2895390,0
2144593,2895396,0
2144593,2895400,0
2144593,2895401,0
2142432,2895389,0
2142432,2895396,0
2142432,2895400,0
2142432,2895401,0
2143074,2895389,0
2143074,2895396,0
2143074,2895398,0
2143074,2895401,0
2142667,2895390,0
2142667,2895396,0
2142667,2895398,0
2142667,2895401,0
2143334,2895390,0
2143334,2895396,0
2143334,2895400,0
2143334,2895401,0
2142927,2895390,0
2142927,2895396,0
2142927,2895399,0
2142927,2895401,0
2142197,2895390,0
2142197,2895396,1
2142197,2895399,0
2142197,2895401,0
2142504,2895390,0
2142504,2895397,0
2142504,2895400,0
2142504,2895401,0
2143146,2895389,0
2143146,2895396,0
2143146,2895398,0
2143146,2895401,0
2142764,2895390,0
2142764,2895396,0
2142764,2895400,0
2142764,2895401,0
2143406,2895390,0
2143406,2895397,0
2143406,2895399,0
2143406,2895401,0
2142357,2895389,0
2142357,2895397,0
2142357,2895399,0
2142357,2895401,0
2142999,2895389,0
2142999,2895396,0
2142999,2895400,0
2142999,2895401,0
2143243,2895389,0
2143243,2895396,0
2143243,2895400,0
2143243,2895401,0
2142450,2895390,0
2142450,2895397,0
2142450,2895398,0
2142450,2895401,0
2143092,2895389,0
2143092,2895397,0
2143092,2895400,0
2143092,2895401,0
2142685,2895390,0
2142685,2895396,0
2142685,2895398,0
2142685,2895401,0
2143336,2895389,0
2143336,2895397,0
2143336,2895398,0
2143336,2895401,0
2142303,2895390,0
2142303,2895397,0
2142303,2895398,0
2142303,2895401,0
2142929,2895389,0
2142929,2895397,0
2142929,2895400,0
2142929,2895401,0
2142522,2895389,0
2142522,2895397,0
2142522,2895399,0
2142522,2895401,0
2143164,2895389,0
2143164,2895397,0
2143164,2895400,0
2143164,2895401,0
2142782,2895390,0
2142782,2895397,0
2142782,2895399,1
2142782,2895401,0
2143408,2895389,0
2143408,2895396,0
2143408,2895398,0
2143408,2895401,0
2142375,2895389,0
2142375,2895396,0
2142375,2895398,0
2142375,2895401,0
2143001,2895389,0
2143001,2895397,0
2143001,2895400,0
2143001,2895401,0
2142594,2895390,0
2142594,2895397,0
2142594,2895399,0
2142594,2895401,0
2143261,2895389,0
2143261,2895396,0
2143261,2895398,0
2143261,2895401,0
2142854,2895389,0
2142854,2895397,0
2142854,2895400,0
2142854,2895401,0
2142703,2895390,0
2142703,2895397,0
2142703,2895399,0
2142703,2895401,0
2143354,2895390,0
2143354,2895396,0
2143354,2895400,0
2143354,2895401,0
2142305,2895389,0
2142305,2895397,0
2142305,2895400,0
2142305,2895401,0
2142947,2895390,0
2142947,2895397,0
2142947,2895398,0
2142947,2895401,0
2143182,2895390,0
2143182,2895397,0
2143182,2895398,0
2143182,2895401,0
2142784,2895389,0
2142784,2895397,0
2142784,2895398,0
2142784,2895401,0
2142070,2895389,0
2142070,2895396,0
2142070,2895398,0
2142070,2895401,0
2143426,2895389,0
2143426,2895397,0
2143426,2895398,0
2143426,2895401,0
2143019,2895390,0
2143019,2895396,0
2143019,2895400,0
2143019,2895401,0
2142612,2895389,0
2142612,2895396,0
2142612,2895400,0
2142612,2895401,0
2143279,2895389,0
2143279,2895396,0
2143279,2895400,0
2143279,2895401,0
2142230,2895390,0
2142230,2895397,0
2142230,2895398,0
2142230,2895401,0
2142705,2895389,0
2142705,2895396,0
2142705,2895399,0
2142705,2895401,0
2142323,2895390,0
2142323,2895397,1
2142323,2895400,0
2142323,2895401,0
2142965,2895390,0
2142965,2895396,0
2142965,2895398,0
2142965,2895401,0
2142558,2895389,0
2142558,2895397,0
2142558,2895400,0
2142558,2895401,0
2143184,2895389,0
2143184,2895396,0
2143184,2895400,0
2143184,2895401,0
2142802,2895390,0
2142802,2895396,0
2142802,2895398,0
2142802,2895401,0
2143444,2895390,0
2143444,2895396,1
2143444,2895398,0
2143444,2895401,0
2142395,2895389,0
2142395,2895396,0
2142395,2895400,0
2142395,2895401,0
2143037,2895390,0
2143037,2895396,0
2143037,2895400,0
2143037,2895401,0
2142630,2895390,0
2142630,2895397,0
2142630,2895400,0
2142630,2895401,0
2143281,2895389,0
2143281,2895397,0
2143281,2895399,0
2143281,2895401,0
2074610,2895390,0
2074610,2895397,0
2074610,2895398,0
2074610,2895401,0
2142232,2895390,0
2142232,2895396,0
2142232,2895399,0
2142232,2895401,0
2142874,2895389,0
2142874,2895396,0
2142874,2895398,0
2142874,2895401,0
2142727,2895389,0
2142727,2895396,0
2142727,2895400,0
2142727,2895401,0
2143202,2895389,0
2143202,2895396,0
2143202,2895398,0
2143202,2895401,0
2142820,2895390,0
2142820,2895397,0
2142820,2895400,0
2142820,2895401,0
2143462,2895390,0
2143462,2895396,0
2143462,2895400,0
2143462,2895401,0
2142413,2895389,0
2142413,2895396,0
2142413,2895399,0
2142413,2895401,0
2142632,2895389,0
2142632,2895397,0
2142632,2895400,0
2142632,2895401,0
2143299,2895390,0
2143299,2895397,0
2143299,2895400,0
2143299,2895401,0
2142250,2895389,0
2142250,2895397,0
2142250,2895399,0
2142250,2895401,0
2142892,2895389,0
2142892,2895396,0
2142892,2895398,0
2142892,2895401,0
2142162,2895390,0
2142162,2895397,0
2142162,2895399,0
2142162,2895401,0
2142485,2895389,0
2142485,2895396,0
2142485,2895400,0
2142485,2895401,0
2142729,2895390,0
2142729,2895396,0
2142729,2895399,0
2142729,2895401,0
2143371,2895390,0
2143371,2895397,0
2143371,2895399,0
2143371,2895401,0
2142578,2895389,0
2142578,2895397,0
2142578,2895400,0
2142578,2895401,0
2143220,2895390,0
2143220,2895396,0
2143220,2895398,0
2143220,2895401,0
2142838,2895389,0
2142838,2895396,0
2142838,2895399,0
2142838,2895401,0
2142431,2895390,0
2142431,2895396,0
2142431,2895398,0
2142431,2895401,0
2143057,2895389,0
2143057,2895396,0
2143057,2895399,0
2143057,2895401,0
2142650,2895390,0
2142650,2895396,0
2142650,2895399,0
2142650,2895401,0
2143317,2895390,0
2143317,2895397,0
2143317,2895398,0
2143317,2895401,0
2142910,2895389,0
2142910,2895397,0
2142910,2895398,0
2142910,2895401,0
2142180,2895390,0
2142180,2895396,0
2142180,2895400,0
2142180,2895401,0
2142503,2895389,0
2142503,2895397,0
2142503,2895398,0
2142503,2895401,0
2143129,2895390,0
2143129,2895397,0
2143129,2895399,0
2143129,2895401,0
2142747,2895389,0
2142747,2895396,0
2142747,2895398,0
2142747,2895401,0
2143389,2895390,0
2143389,2895396,0
2143389,2895399,0
2143389,2895401,0
2142340,2895389,0
2142340,2895397,0
2142340,2895399,0
2142340,2895401,0
2142840,2895390,0
2142840,2895397,0
2142840,2895398,0
2142840,2895401,0
2142433,2895389,0
2142433,2895396,1
2142433,2895398,0
2142433,2895401,0
2143075,2895390,0
2143075,2895396,0
2143075,2895399,0
2143075,2895401,0
2142668,2895390,0
2142668,2895396,0
2142668,2895398,0
2142668,2895401,0
2143335,2895389,0
2143335,2895397,0
2143335,2895400,0
2143335,2895401,0
2142286,2895390,0
2142286,2895396,0
2142286,2895398,0
2142286,2895401,0
2142912,2895389,0
2142912,2895397,0
2142912,2895400,0
2142912,2895401,0
2142198,2895389,0
2142198,2895396,0
2142198,2895398,0
2142198,2895401,0
2142505,2895390,0
2142505,2895397,0
2142505,2895398,0
2142505,2895401,0
2143147,2895389,0
2143147,2895396,0
2143147,2895399,0
2143147,2895401,0
2142765,2895390,0
2142765,2895396,0
2142765,2895399,0
2142765,2895401,0
2143407,2895390,0
2143407,2895396,0
2143407,2895398,0
2143407,2895401,0
2142358,2895390,0
2142358,2895397,0
2142358,2895398,0
2142358,2895401,1
2142984,2895389,0
2142984,2895397,0
2142984,2895399,0
2142984,2895401,0
2143244,2895390,0
2143244,2895397,0
2143244,2895399,0
2143244,2895401,0
2142451,2895390,0
2142451,2895397,0
2142451,2895398,0
2142451,2895401,0
2142686,2895390,0
2142686,2895396,0
2142686,2895398,0
2142686,2895401,1
2143337,2895390,0
2143337,2895396,0
2143337,2895399,0
2143337,2895401,0
2142288,2895389,1
2142288,2895397,0
2142288,2895400,0
2142288,2895401,0
2142930,2895390,0
2142930,2895396,0
2142930,2895398,0
2142930,2895401,0
2142200,2895389,0
2142200,2895396,0
2142200,2895398,0
2142200,2895401,0
2078036,2895389,0
2078036,2895396,0
2078036,2895398,0
2078036,2895401,0
2142523,2895389,0
2142523,2895396,0
2142523,2895398,0
2142523,2895401,0
2143165,2895389,0
2143165,2895396,0
2143165,2895399,0
2143165,2895401,0
2142783,2895389,0
2142783,2895396,0
2142783,2895398,0
2142783,2895401,0
2143409,2895390,0
2143409,2895396,0
2143409,2895399,0
2143409,2895401,0
2142360,2895390,0
2142360,2895397,0
2142360,2895399,0
2142360,2895401,0
2143002,2895390,0
2143002,2895397,0
2143002,2895400,0
2143002,2895401,0
2142595,2895390,0
2142595,2895397,0
2142595,2895399,0
2142595,2895401,0
2143262,2895389,0
2143262,2895397,0
2143262,2895400,0
2143262,2895401,0
2142213,2895389,0
2142213,2895397,0
2142213,2895399,0
2142213,2895401,0
2142855,2895390,0
2142855,2895396,0
2142855,2895400,0
2142855,2895401,0
2142688,2895389,0
2142688,2895397,1
2142688,2895399,0
2142688,2895401,0
2143355,2895389,0
2143355,2895397,0
2143355,2895398,0
2143355,2895401,0
2142306,2895389,0
2142306,2895396,1
2142306,2895400,0
2142306,2895401,0
2142541,2895389,0
2142541,2895397,0
2142541,2895398,0
2142541,2895401,0
2143183,2895390,0
2143183,2895396,0
2143183,2895400,0
2143183,2895401,0
2143427,2895390,0
2143427,2895397,0
2143427,2895398,0
2143427,2895401,0
2142378,2895390,0
2142378,2895397,0
2142378,2895400,0
2142378,2895401,0
2143020,2895389,0
2143020,2895396,0
2143020,2895400,0
2143020,2895401,0
2142613,2895390,0
2142613,2895397,0
2142613,2895398,0
2142613,2895401,0
2143264,2895390,0
2143264,2895396,0
2143264,2895399,0
2143264,2895401,0
2142231,2895390,0
2142231,2895396,0
2142231,2895399,0
2142231,2895401,0
2142857,2895390,0
2142857,2895397,0
2142857,2895400,0
2142857,2895401,0
2142706,2895390,0
2142706,2895397,0
2142706,2895398,0
2142706,2895401,0
2142324,2895390,0
2142324,2895397,0
2142324,2895399,0
2142324,2895401,0
2142966,2895389,0
2142966,2895397,0
2142966,2895400,0
2142966,2895401,0
2142559,2895389,0
2142559,2895396,0
2142559,2895398,0
2142559,2895401,0
2143185,2895389,0
2143185,2895397,0
2143185,2895400,0
2143185,2895401,0
2142803,2895390,0
2142803,2895397,0
2142803,2895400,0
2142803,2895401,0
2143445,2895390,0
2143445,2895397,0
2143445,2895399,1
2143445,2895401,0
2142396,2895390,0
2142396,2895397,0
2142396,2895398,0
2142396,2895401,0
2143038,2895390,0
2143038,2895397,0
2143038,2895399,0
2143038,2895401,0
2142631,2895390,0
2142631,2895397,0
2142631,2895399,0
2142631,2895401,0
2143282,2895389,0
2143282,2895397,0
2143282,2895399,0
2143282,2895401,1
2142233,2895389,0
2142233,2895396,0
2142233,2895399,0
2142233,2895401,0
2142875,2895390,0
2142875,2895396,0
2142875,2895398,0
2142875,2895401,0
2142468,2895389,0
2142468,2895397,0
2142468,2895399,0
2142468,2895401,0
2143110,2895389,0
2143110,2895397,0
2143110,2895400,0
2143110,2895401,1
2142968,2895389,0
2142968,2895396,0
2142968,2895398,0
2142968,2895401,0
2142561,2895389,0
2142561,2895397,0
2142561,2895398,0
2142561,2895401,0
2142821,2895389,0
2142821,2895396,0
2142821,2895400,0
2142821,2895401,0
2143040,2895390,0
2143040,2895397,0
2143040,2895398,0
2143040,2895401,0
2142633,2895390,0
2142633,2895397,1
2142633,2895398,0
2142633,2895401,0
2143300,2895390,0
2143300,2895396,0
2143300,2895398,0
2143300,2895401,0
2142251,2895389,0
2142251,2895397,0
2142251,2895398,0
2142251,2895401,0
2142893,2895390,0
2142893,2895396,0
2142893,2895399,0
2142893,2895401,0
2142163,2895390,0
2142163,2895397,0
2142163,2895400,0
2142163,2895401,0
2142486,2895390,0
2142486,2895396,0
2142486,2895398,0
2142486,2895401,0
2142730,2895389,0
2142730,2895397,0
2142730,2895400,0
2142730,2895401,0
2143372,2895390,0
2143372,2895396,0
2143372,2895399,0
2143372,2895401,0
2142579,2895389,0
2142579,2895397,0
2142579,2895399,0
2142579,2895401,0
2142839,2895389,0
2142839,2895396,0
2142839,2895400,0
2142839,2895401,0
2142416,2895390,0
2142416,2895396,0
2142416,2895398,0
2142416,2895401,0
2143058,2895389,0
2143058,2895396,0
2143058,2895400,0
2143058,2895401,0
2142651,2895390,0
2142651,2895396,0
2142651,2895399,0
2142651,2895401,0
2143318,2895389,0
2143318,2895397,0
2143318,2895398,0
2143318,2895401,0
2142269,2895390,0
2142269,2895396,0
2142269,2895398,0
2142269,2895401,0
2142911,2895390,0
2142911,2895397,0
2142911,2895398,0
2142911,2895401,0
2142181,2895389,0
2142181,2895397,0
2142181,2895399,0
2142181,2895401,0
2142488,2895390,0
2142488,2895397,0
2142488,2895399,0
2142488,2895401,0
2143130,2895390,0
2143130,2895397,0
2143130,2895400,0
2143130,2895401,0
2142748,2895390,0
2142748,2895397,0
2142748,2895399,1
2142748,2895401,0
2143390,2895389,0
2143390,2895397,0
2143390,2895400,0
2143390,2895401,0
2142341,2895389,0
2142341,2895397,0
2142341,2895398,0
2142341,2895401,0
2142983,2895389,0
2142983,2895396,0
2142983,2895399,0
2142983,2895401,0
2142434,2895389,0
2142434,2895396,0
2142434,2895398,0
2142434,2895401,0
2143076,2895390,0
2143076,2895396,0
2143076,2895400,0
2143076,2895401,0
2142669,2895389,0
2142669,2895396,0
2142669,2895400,0
2142669,2895401,0
2143320,2895390,0
2143320,2895397,0
2143320,2895398,0
2143320,2895401,0
2142913,2895389,0
2142913,2895396,0
2142913,2895399,0
2142913,2895401,0
2142199,2895389,0
2142199,2895397,0
2142199,2895398,0
2142199,2895401,0
2142506,2895389,0
2142506,2895396,0
2142506,2895400,0
2142506,2895401,0
2143148,2895390,0
2143148,2895397,0
2143148,2895399,0
2143148,2895401,0
2142766,2895389,0
2142766,2895397,0
2142766,2895399,0
2142766,2895401,0
2143392,2895389,0
2143392,2895396,0
2143392,2895398,0
2143392,2895401,0
2142359,2895389,0
2142359,2895396,0
2142359,2895400,0
2142359,2895401,0
2142985,2895389,0
2142985,2895397,0
2142985,2895399,0
2142985,2895401,0
2143245,2895389,0
2143245,2895396,0
2143245,2895399,0
2143245,2895401,0
2142452,2895390,0
2142452,2895396,0
2142452,2895400,0
2142452,2895401,0
2143094,2895390,0
2143094,2895396,0
2143094,2895398,0
2143094,2895401,0
2142687,2895390,0
2142687,2895396,0
2142687,2895399,1
2142687,2895401,0
2143338,2895390,0
2143338,2895397,0
2143338,2895400,0
2143338,2895401,0
2142289,2895390,0
2142289,2895397,0
2142289,2895398,0
2142289,2895401,0
2142931,2895390,0
2142931,2895397,0
2142931,2895399,0
2142931,2895401,0
2142201,2895389,0
2142201,2895396,0
2142201,2895399,0
2142201,2895401,0
2123156,2895389,0
2123156,2895396,0
2123156,2895398,0
2123156,2895401,0
2142524,2895390,0
2142524,2895397,0
2142524,2895399,0
2142524,2895401,0
2143166,2895389,0
2143166,2895396,0
2143166,2895400,0
2143166,2895401,0
2142768,2895390,0
2142768,2895397,0
2142768,2895400,0
2142768,2895401,0
2143410,2895389,0
2143410,2895397,0
2143410,2895400,0
2143410,2895401,0
2142361,2895389,0
2142361,2895397,0
2142361,2895398,0
2142361,2895401,0
2143003,2895390,0
2143003,2895397,0
2143003,2895400,0
2143003,2895401,0
2142596,2895390,0
2142596,2895396,0
2142596,2895400,0
2142596,2895401,0
2143263,2895389,0
2143263,2895396,0
2143263,2895400,0
2143263,2895401,0
2142214,2895389,0
2142214,2895397,0
2142214,2895398,0
2142214,2895401,0
2142689,2895390,0
2142689,2895396,0
2142689,2895398,0
2142689,2895401,0
2143356,2895389,0
2143356,2895396,0
2143356,2895400,0
2143356,2895401,0
2142307,2895390,0
2142307,2895397,0
2142307,2895400,0
2142307,2895401,0
2142949,2895389,0
2142949,2895396,0
2142949,2895400,0
2142949,2895401,0
2142542,2895390,0
2142542,2895396,0
2142542,2895400,0
2142542,2895401,0
2143168,2895389,0
2143168,2895396,0
2143168,2895398,0
2143168,2895401,0
2142786,2895390,0
2142786,2895397,0
2142786,2895398,0
2142786,2895401,0
2143428,2895389,0
2143428,2895397,0
2143428,2895398,0
2143428,2895401,0
2142379,2895389,0
2142379,2895396,0
2142379,2895398,0
2142379,2895401,0
2143021,2895390,0
2143021,2895397,0
2143021,2895398,0
2143021,2895401,0
2142614,2895389,0
2142614,2895397,0
2142614,2895398,0
2142614,2895401,0
2143265,2895389,0
2143265,2895396,0
2143265,2895400,0
2143265,2895401,0
2142216,2895390,0
2142216,2895397,0
2142216,2895400,0
2142216,2895401,0
2142858,2895389,0
2142858,2895396,0
2142858,2895399,0
2142858,2895401,0
2142707,2895390,0
2142707,2895396,0
2142707,2895399,0
2142707,2895401,0
2142544,2895390,0
2142544,2895397,0
2142544,2895400,0
2142544,2895401,0
2143186,2895389,0
2143186,2895396,0
2143186,2895400,0
2143186,2895401,0
2144558,2895389,0
2144558,2895397,0
2144558,2895399,0
2144558,2895401,0
2142804,2895390,0
2142804,2895396,0
2142804,2895399,0
2142804,2895401,0
2142397,2895390,0
2142397,2895397,0
2142397,2895400,0
2142397,2895401,0
2143039,2895389,0
2143039,2895396,0
2143039,2895400,0
2143039,2895401,0
2142616,2895390,0
2142616,2895396,0
2142616,2895399,0
2142616,2895401,0
2143283,2895390,0
2143283,2895396,0
2143283,2895398,0
2143283,2895401,0
2142234,2895389,0
2142234,2895397,0
2142234,2895399,0
2142234,2895401,0
2142876,2895389,0
2142876,2895397,0
2142876,2895398,0
2142876,2895401,0
2142469,2895389,0
2142469,2895396,0
2142469,2895398,0
2142469,2895401,0
2143111,2895389,0
2143111,2895397,0
2143111,2895400,0
2143111,2895401,0
2142969,2895390,0
2142969,2895397,0
2142969,2895400,0
2142969,2895401,0
2142562,2895389,0
2142562,2895396,0
2142562,2895398,0
2142562,2895401,0
2142822,2895390,0
2142822,2895397,0
2142822,2895400,0
2142822,2895401,0
2143448,2895389,0
2143448,2895396,0
2143448,2895398,0
2143448,2895401,0
2142415,2895389,0
2142415,2895397,0
2142415,2895400,0
2142415,2895401,0
2143041,2895389,0
2143041,2895396,0
2143041,2895400,0
2143041,2895401,0
2142634,2895389,0
2142634,2895397,0
2142634,2895400,0
2142634,2895401,0
2143301,2895389,0
2143301,2895396,0
2143301,2895398,0
2143301,2895401,0
2142894,2895389,0
2142894,2895397,0
2142894,2895399,0
2142894,2895401,0
2142164,2895389,0
2142164,2895396,0
2142164,2895398,0
2142164,2895401,0
2144506,2895390,0
2144506,2895397,0
2144506,2895399,0
2144506,2895401,0
2142487,2895389,0
2142487,2895396,0
2142487,2895399,0
2142487,2895401,0
2142731,2895390,0
2142731,2895397,0
2142731,2895399,0
2142731,2895401,0
2143373,2895390,0
2143373,2895397,0
2143373,2895398,0
2143373,2895401,0
2142580,2895389,0
2142580,2895397,0
2142580,2895398,0
2142580,2895401,0
2142824,2895390,0
2142824,2895396,0
2142824,2895400,0
2142824,2895401,0
2143466,2895389,0
2143466,2895396,0
2143466,2895398,0
2143466,2895401,0
2143059,2895389,0
2143059,2895397,0
2143059,2895399,0
2143059,2895401,0
2142652,2895389,0
2142652,2895396,0
2142652,2895399,0
2142652,2895401,0
2143319,2895389,0
2143319,2895396,0
2143319,2895400,0
2143319,2895401,0
2142270,2895389,0
2142270,2895397,0
2142270,2895398,0
2142270,2895401,0
2142896,2895389,0
2142896,2895396,0
2142896,2895400,0
2142896,2895401,0
2142489,2895390,0
2142489,2895397,0
2142489,2895399,0
2142489,2895401,0
2143131,2895389,0
2143131,2895396,0
2143131,2895398,0
2143131,2895401,0
2142749,2895389,0
2142749,2895396,0
2142749,2895400,0
2142749,2895401,0
2143391,2895389,0
2143391,2895397,0
2143391,2895399,0
2143391,2895401,0
2142342,2895390,0
2142342,2895396,0
2142342,2895399,0
2142342,2895401,0
2143224,2895390,0
2143224,2895397,0
2143224,2895398,0
2143224,2895401,0
2142842,2895389,0
2142842,2895396,0
2142842,2895400,0
2142842,2895401,0
2143484,2895389,0
2143484,2895396,0
2143484,2895399,0
2143484,2895401,0
2142435,2895390,0
2142435,2895397,0
2142435,2895399,0
2142435,2895401,0
2143077,2895389,0
2143077,2895396,0
2143077,2895399,0
2143077,2895401,0
2142670,2895390,0
2142670,2895396,0
2142670,2895399,0
2142670,2895401,0
2143321,2895390,0
2143321,2895397,0
2143321,2895400,0
2143321,2895401,0
2142272,2895389,0
2142272,2895397,0
2142272,2895400,0
2142272,2895401,0
2142914,2895389,0
2142914,2895396,0
2142914,2895400,0
2142914,2895401,0
2142184,2895390,0
2142184,2895396,0
2142184,2895400,0
2142184,2895401,1
2142507,2895389,0
2142507,2895397,0
2142507,2895398,0
2142507,2895401,0
2085805,2895390,0
2085805,2895396,0
2085805,2895400,0
2085805,2895401,0
2143149,2895389,0
2143149,2895396,0
2143149,2895400,0
2143149,2895401,0
2142767,2895390,0
2142767,2895397,0
2142767,2895399,0
2142767,2895401,0
2143393,2895389,0
2143393,2895397,0
2143393,2895400,0
2143393,2895401,1
2142344,2895389,0
2142344,2895397,0
2142344,2895399,0
2142344,2895401,0
2142986,2895390,0
2142986,2895396,0
2142986,2895398,0
2142986,2895401,0
2143246,2895389,0
2143246,2895397,0
2143246,2895399,0
2143246,2895401,0
2142453,2895390,0
2142453,2895397,0
2142453,2895398,0
2142453,2895401,0
2143095,2895390,0
2143095,2895396,0
2143095,2895398,0
2143095,2895401,0
2142672,2895389,0
2142672,2895397,0
2142672,2895398,0
2142672,2895401,0
2135147,2895390,0
2135147,2895397,0
2135147,2895398,0
2135147,2895401,0
2143339,2895389,0
2143339,2895397,0
2143339,2895398,0
2143339,2895401,0
2142290,2895389,0
2142290,2895396,0
2142290,2895399,0
2142290,2895401,0
2142932,2895389,0
2142932,2895397,0
2142932,2895399,0
2142932,2895401,0
2142202,2895390,0
2142202,2895397,0
2142202,2895400,0
2142202,2895401,0
2142525,2895390,0
2142525,2895397,0
2142525,2895400,0
2142525,2895401,0
2143167,2895389,0
2143167,2895396,0
2143167,2895398,0
2143167,2895401,0
2142769,2895390,0
2142769,2895396,0
2142769,2895398,0
2142769,2895401,0
2143411,2895389,0
2143411,2895396,0
2143411,2895400,0
2143411,2895401,0
2142362,2895390,0
2142362,2895397,0
2142362,2895399,0
2142362,2895401,0
2143004,2895389,0
2143004,2895396,0
2143004,2895398,0
2143004,2895401,0
2142597,2895390,0
2142597,2895397,0
2142597,2895400,0
2142597,2895401,0
2143248,2895390,0
2143248,2895397,0
2143248,2895399,0
2143248,2895401,0
2142215,2895389,0
2142215,2895396,0
2142215,2895398,0
2142215,2895401,0
2143097,2895390,0
2143097,2895396,0
2143097,2895399,0
2143097,2895401,0
2142690,2895390,0
2142690,2895396,0
2142690,2895399,0
2142690,2895401,0
2143357,2895389,0
2143357,2895396,0
2143357,2895398,0
2143357,2895401,0
2142308,2895389,0
2142308,2895396,0
2142308,2895398,0
2142308,2895401,0
2142950,2895389,0
2142950,2895397,0
2142950,2895400,0
2142950,2895401,0
2142543,2895389,0
2142543,2895397,0
2142543,2895399,0
2142543,2895401,0
2144218,2895390,0
2144218,2895397,0
2144218,2895398,0
2144218,2895401,0
2143169,2895390,0
2143169,2895396,0
2143169,2895400,0
2143169,2895401,0
2142787,2895389,0
2142787,2895397,0
2142787,2895400,0
2142787,2895401,0
2143429,2895390,0
2143429,2895397,1
2143429,2895400,0
2143429,2895401,0
2142380,2895390,0
2142380,2895397,0
2142380,2895400,0
2142380,2895401,0
2143022,2895389,0
2143022,2895396,0
2143022,2895400,0
2143022,2895401,0
2075065,2895389,0
2075065,2895397,0
2075065,2895399,0
2075065,2895401,1
2142615,2895390,0
2142615,2895397,0
2142615,2895398,0
2142615,2895401,0
2143266,2895389,0
2143266,2895396,0
2143266,2895400,0
2143266,2895401,0
2142217,2895390,0
2142217,2895397,0
2142217,2895398,0
2142217,2895401,0
2142859,2895390,0
2142859,2895397,0
2142859,2895398,0
2142859,2895401,0
2142708,2895389,0
2142708,2895397,0
2142708,2895399,0
2142708,2895401,0
2142326,2895390,0
2142326,2895396,0
2142326,2895400,0
2142326,2895401,0
2142952,2895389,0
2142952,2895397,0
2142952,2895398,0
2142952,2895401,0
2143594,2895389,0
2143594,2895396,0
2143594,2895398,0
2143594,2895401,0
2142545,2895390,0
2142545,2895396,0
2142545,2895400,0
2142545,2895401,0
2143187,2895389,0
2143187,2895397,0
2143187,2895398,0
2143187,2895401,0
2142805,2895390,0
2142805,2895396,0
2142805,2895400,0
2142805,2895401,0
2143447,2895389,0
2143447,2895396,0
2143447,2895400,0
2143447,2895401,0
2142398,2895390,0
2142398,2895397,0
2142398,2895400,0
2142398,2895401,0
2143024,2895390,0
2143024,2895396,0
2143024,2895400,0
2143024,2895401,0
2142617,2895390,0
2142617,2895396,0
2142617,2895398,0
2142617,2895401,0
2143284,2895390,0
2143284,2895396,0
2143284,2895398,0
2143284,2895401,0
2142235,2895390,0
2142235,2895396,0
2142235,2895399,0
2142235,2895401,0
2142877,2895389,0
2142877,2895396,0
2142877,2895400,0
2142877,2895401,0
2142470,2895389,0
2142470,2895397,0
2142470,2895400,0
2142470,2895401,0
2142970,2895390,0
2142970,2895396,0
2142970,2895399,0
2142970,2895401,0
2142563,2895389,0
2142563,2895396,0
2142563,2895400,0
2142563,2895401,0
2143205,2895389,0
2143205,2895396,0
2143205,2895398,0
2143205,2895401,0
2142823,2895389,0
2142823,2895396,0
2142823,2895399,0
2142823,2895401,0
2143449,2895390,0
2143449,2895396,0
2143449,2895399,0
2143449,2895401,0
2142400,2895389,0
2142400,2895396,0
2142400,2895398,0
2142400,2895401,0
2143042,2895390,0
2143042,2895397,1
2143042,2895398,0
2143042,2895401,0
2142635,2895390,0
2142635,2895396,0
2142635,2895399,0
2142635,2895401,0
2143302,2895389,0
2143302,2895397,0
2143302,2895398,0
2143302,2895401,1
2142253,2895389,0
2142253,2895396,0
2142253,2895399,0
2142253,2895401,0
2142895,2895389,0
2142895,2895396,0
2142895,2895400,0
2142895,2895401,1
2142165,2895389,0
2142165,2895396,0
2142165,2895400,0
2142165,2895401,0
2142472,2895389,0
2142472,2895397,0
2142472,2895399,0
2142472,2895401,0
2143114,2895389,0
2143114,2895397,0
2143114,2895398,0
2143114,2895401,0
2142732,2895389,0
2142732,2895397,0
2142732,2895400,0
2142732,2895401,0
2143374,2895389,0
2143374,2895397,0
2143374,2895400,0
2143374,2895401,0
2142581,2895390,0
2142581,2895397,0
2142581,2895398,0
2142581,2895401,0
2143223,2895389,0
2143223,2895397,0
2143223,2895399,0
2143223,2895401,0
2075010,2895390,0
2075010,2895396,0
2075010,2895399,0
2075010,2895401,0
2142825,2895389,0
2142825,2895396,0
2142825,2895398,0
2142825,2895401,0
2143467,2895390,0
2143467,2895396,0
2143467,2895398,0
2143467,2895401,0
2095687,2895390,0
2095687,2895397,0
2095687,2895399,0
2095687,2895401,0
2142418,2895390,0
2142418,2895397,0
2142418,2895399,0
2142418,2895401,0
2143304,2895390,0
2143304,2895397,0
2143304,2895400,0
2143304,2895401,0
2142271,2895389,0
2142271,2895396,0
2142271,2895399,0
2142271,2895401,0
2142897,2895390,0
2142897,2895397,0
2142897,2895400,0
2142897,2895401,0
2142183,2895389,0
2142183,2895396,0
2142183,2895400,0
2142183,2895401,0
2142490,2895389,0
2142490,2895396,0
2142490,2895398,0
2142490,2895401,0
2110364,2895390,0
2110364,2895397,0
2110364,2895399,0
2110364,2895401,0
2143132,2895389,1
2143132,2895397,0
2143132,2895398,0
2143132,2895401,0
2142750,2895389,0
2142750,2895396,0
2142750,2895400,0
2142750,2895401,0
2143376,2895390,0
2143376,2895396,0
2143376,2895400,0
2143376,2895401,0
2142343,2895390,0
2142343,2895397,0
2142343,2895400,0
2142343,2895401,0
2143225,2895389,0
2143225,2895396,0
2143225,2895400,0
2143225,2895401,0
2142843,2895389,0
2142843,2895397,0
2142843,2895398,0
2142843,2895401,0
2143485,2895389,0
2143485,2895397,0
2143485,2895400,0
2143485,2895401,0
2142436,2895390,0
2142436,2895396,0
2142436,2895400,0
2142436,2895401,0
2143078,2895389,0
2143078,2895397,0
2143078,2895400,0
2143078,2895401,0
2142671,2895390,0
2142671,2895396,0
2142671,2895400,0
2142671,2895401,0
2143322,2895389,0
2143322,2895396,0
2143322,2895398,0
2143322,2895401,1
2124533,2895390,0
2124533,2895396,1
2124533,2895398,0
2124533,2895401,0
2142273,2895389,0
2142273,2895397,0
2142273,2895400,0
2142273,2895401,0
2142915,2895389,0
2142915,2895396,0
2142915,2895398,0
2142915,2895401,0
2142185,2895390,0
2142185,2895396,0
2142185,2895399,0
2142185,2895401,0
2142508,2895390,0
2142508,2895396,0
2142508,2895400,0
2142508,2895401,0
2143150,2895389,0
2143150,2895396,0
2143150,2895399,0
2143150,2895401,0
2142752,2895390,0
2142752,2895397,0
2142752,2895399,0
2142752,2895401,0
2143394,2895389,0
2143394,2895397,0
2143394,2895398,0
2143394,2895401,0
2142345,2895390,0
2142345,2895396,0
2142345,2895398,0
2142345,2895401,1
2143247,2895389,0
2143247,2895396,0
2143247,2895400,0
2143247,2895401,0
2142454,2895389,0
2142454,2895396,0
2142454,2895398,0
2142454,2895401,0
2143080,2895389,0
2143080,2895397,0
2143080,2895400,0
2143080,2895401,0
2142673,2895389,0
2142673,2895396,0
2142673,2895398,0
2142673,2895401,0
2143340,2895390,0
2143340,2895396,0
2143340,2895399,0
2143340,2895401,0
2142291,2895389,0
2142291,2895397,0
2142291,2895398,0
2142291,2895401,0
2142933,2895390,0
2142933,2895396,0
2142933,2895400,0
2142933,2895401,0
2142203,2895389,0
2142203,2895397,0
2142203,2895400,0
2142203,2895401,0
2142526,2895389,0
2142526,2895397,0
2142526,2895399,0
2142526,2895401,0
2143152,2895389,1
2143152,2895396,0
2143152,2895399,0
2143152,2895401,0
2142770,2895389,0
2142770,2895396,0
2142770,2895398,0
2142770,2895401,0
2143412,2895389,0
2143412,2895396,0
2143412,2895399,0
2143412,2895401,0
2142363,2895389,0
2142363,2895397,0
2142363,2895400,0
2142363,2895401,0
2143005,2895389,0
2143005,2895396,0
2143005,2895400,0
2143005,2895401,0
2142598,2895390,0
2142598,2895396,0
2142598,2895398,0
2142598,2895401,0
2143249,2895390,0
2143249,2895397,0
2143249,2895400,0
2143249,2895401,0
2142456,2895390,0
2142456,2895396,0
2142456,2895398,0
2142456,2895401,0
2143098,2895389,0
2143098,2895397,0
2143098,2895399,0
2143098,2895401,0
2142691,2895389,0
2142691,2895396,0
2142691,2895399,0
2142691,2895401,0
2143358,2895390,0
2143358,2895397,0
2143358,2895400,0
2143358,2895401,0
2080202,2895389,0
2080202,2895396,0
2080202,2895399,0
2080202,2895401,0
2142309,2895390,0
2142309,2895397,0
2142309,2895399,0
2142309,2895401,0
2142951,2895389,0
2142951,2895396,0
2142951,2895398,0
2142951,2895401,1
2142528,2895389,0
2142528,2895397,0
2142528,2895400,0
2142528,2895401,0
2143170,2895389,0
2143170,2895397,1
2143170,2895400,0
2143170,2895401,0
2142788,2895390,0
2142788,2895396,0
2142788,2895399,0
2142788,2895401,0
2143430,2895390,0
2143430,2895396,0
2143430,2895399,0
2143430,2895401,0
2142381,2895389,0
2142381,2895397,0
2142381,2895400,0
2142381,2895401,0
2143023,2895390,0
2143023,2895396,0
2143023,2895400,0
2143023,2895401,0
2142600,2895389,0
2142600,2895396,0
2142600,2895400,0
2142600,2895401,0
2143267,2895390,0
2143267,2895396,0
2143267,2895400,0
2143267,2895401,0
2142218,2895390,0
2142218,2895397,0
2142218,2895400,0
2142218,2895401,0
2142860,2895389,0
2142860,2895397,0
2142860,2895400,0
2142860,2895401,0
2142709,2895389,0
2142709,2895396,0
2142709,2895399,0
2142709,2895401,0
2142327,2895390,0
2142327,2895397,0
2142327,2895400,0
2142327,2895401,0
2142953,2895389,0
2142953,2895396,0
2142953,2895400,0
2142953,2895401,0
2123908,2895389,0
2123908,2895397,0
2123908,2895398,0
2123908,2895401,0
2142546,2895390,0
2142546,2895396,0
2142546,2895400,0
2142546,2895401,0
2143188,2895389,0
2143188,2895397,0
2143188,2895399,0
2143188,2895401,0
2142806,2895390,0
2142806,2895397,0
2142806,2895399,0
2142806,2895401,0
2143432,2895390,0
2143432,2895397,0
2143432,2895398,0
2143432,2895401,0
2142399,2895390,0
2142399,2895397,0
2142399,2895400,0
2142399,2895401,0
2143025,2895389,0
2143025,2895397,0
2143025,2895398,0
2143025,2895401,0
2142618,2895389,0
2142618,2895397,0
2142618,2895399,0
2142618,2895401,0
2143285,2895389,0
2143285,2895397,0
2143285,2895398,0
2143285,2895401,0
2142236,2895390,0
2142236,2895396,0
2142236,2895400,0
2142236,2895401,0
2142878,2895390,0
2142878,2895396,0
2142878,2895400,0
2142878,2895401,0
2142471,2895389,0
2142471,2895397,0
2142471,2895398,0
2142471,2895401,0
2142971,2895389,0
2142971,2895396,0
2142971,2895399,0
2142971,2895401,0
2123926,2895390,0
2123926,2895397,0
2123926,2895400,0
2123926,2895401,1
2142564,2895390,0
2142564,2895397,0
2142564,2895398,0
2142564,2895401,0
2143206,2895389,0
2143206,2895397,0
2143206,2895400,0
2143206,2895401,0
2142808,2895390,0
2142808,2895397,0
2142808,2895399,0
2142808,2895401,0
2117262,2895390,0
2117262,2895396,0
2117262,2895400,1
2117262,2895401,0
2143450,2895389,0
2143450,2895397,0
2143450,2895399,0
2143450,2895401,0
2142401,2895390,0
2142401,2895396,0
2142401,2895399,0
2142401,2895401,0
2143043,2895389,0
2143043,2895397,0
2143043,2895398,0
2143043,2895401,0
2142636,2895389,0
2142636,2895396,0
2142636,2895399,0
2142636,2895401,0
2143303,2895390,0
2143303,2895397,0
2143303,2895400,0
2143303,2895401,0
2142880,2895389,0
2142880,2895397,0
2142880,2895399,0
2142880,2895401,0
2142166,2895390,0
2142166,2895397,0
2142166,2895398,0
2142166,2895401,0
2142473,2895390,0
2142473,2895397,0
2142473,2895399,0
2142473,2895401,0
2097354,2895389,0
2097354,2895396,0
2097354,2895399,0
2097354,2895401,0
2143115,2895389,0
2143115,2895396,0
2143115,2895399,0
2143115,2895401,0
2142733,2895390,0
2142733,2895397,0
2142733,2895398,0
2142733,2895401,0
2143375,2895389,0
2143375,2895396,0
2143375,2895399,0
2143375,2895401,0
2142582,2895389,0
2142582,2895396,0
2142582,2895400,0
2142582,2895401,0
2142826,2895390,0
2142826,2895397,0
2142826,2895400,0
2142826,2895401,0
2143468,2895390,0
2143468,2895397,0
2143468,2895399,0
2143468,2895401,0
2082733,2895389,0
2082733,2895396,0
2082733,2895398,0
2082733,2895401,0
2142419,2895389,0
2142419,2895396,0
2142419,2895400,0
2142419,2895401,0
2143061,2895389,0
2143061,2895396,0
2143061,2895398,0
2143061,2895401,0
2142654,2895389,0
2142654,2895396,0
2142654,2895399,0
2142654,2895401,0
2143305,2895390,0
2143305,2895396,0
2143305,2895399,0
2143305,2895401,0
2142256,2895389,0
2142256,2895397,0
2142256,2895399,0
2142256,2895401,0
2142898,2895389,1
2142898,2895397,0
2142898,2895398,0
2142898,2895401,0
2142168,2895390,0
2142168,2895397,0
2142168,2895399,0
2142168,2895401,0
2142491,2895390,0
2142491,2895396,0
2142491,2895398,0
2142491,2895401,0
2143133,2895389,0
2143133,2895396,0
2143133,2895398,0
2143133,2895401,0
2142751,2895389,0
2142751,2895397,0
2142751,2895399,0
2142751,2895401,0
2143377,2895389,0
2143377,2895397,0
2143377,2895400,0
2143377,2895401,0
2142584,2895389,0
2142584,2895396,0
2142584,2895398,0
2142584,2895401,0
2143226,2895390,0
2143226,2895396,0
2143226,2895399,0
2143226,2895401,0
2144598,2895389,0
2144598,2895396,0
2144598,2895400,0
2144598,2895401,0
2142844,2895390,0
2142844,2895396,0
2142844,2895398,0
2142844,2895401,0
2142437,2895389,0
2142437,2895397,0
2142437,2895399,0
2142437,2895401,0
2143323,2895390,0
2143323,2895397,0
2143323,2895399,0
2143323,2895401,0
2142274,2895390,0
2142274,2895397,0
2142274,2895400,0
2142274,2895401,0
2142916,2895390,0
2142916,2895397,0
2142916,2895399,0
2142916,2895401,0
2142186,2895389,0
2142186,2895397,0
2142186,2895399,0
2142186,2895401,0
2142509,2895390,0
2142509,2895397,0
2142509,2895399,0
2142509,2895401,0
2143151,2895390,1
2143151,2895396,0
2143151,2895399,0
2143151,2895401,0
2142753,2895390,0
2142753,2895396,0
2142753,2895400,0
2142753,2895401,0
2143395,2895389,0
2143395,2895397,0
2143395,2895399,0
2143395,2895401,0
2142346,2895389,0
2142346,2895396,0
2142346,2895398,0
2142346,2895401,0
2142988,2895389,0
2142988,2895397,0
2142988,2895399,0
2142988,2895401,0
2143232,2895389,0
2143232,2895397,0
2143232,2895399,0
2143232,2895401,0
2142455,2895390,0
2142455,2895397,0
2142455,2895400,0
2142455,2895401,0
2143081,2895390,0
2143081,2895397,0
2143081,2895398,0
2143081,2895401,0
2144453,2895390,0
2144453,2895397,0
2144453,2895399,0
2144453,2895401,0
2142674,2895389,0
2142674,2895396,0
2142674,2895398,0
2142674,2895401,0
2143341,2895390,0
2143341,2895396,0
2143341,2895399,0
2143341,2895401,0
2142292,2895389,0
2142292,2895396,0
2142292,2895400,0
2142292,2895401,0
2142934,2895389,0
2142934,2895396,0
2142934,2895400,0
2142934,2895401,0
2142204,2895390,0
2142204,2895396,0
2142204,2895400,0
2142204,2895401,0
2142527,2895389,0
2142527,2895396,0
2142527,2895398,0
2142527,2895401,0
2143153,2895390,0
2143153,2895396,0
2143153,2895398,0
2143153,2895401,0
2142771,2895389,0
2142771,2895397,0
2142771,2895398,0
2142771,2895401,0
2143413,2895390,0
2143413,2895397,0
2143413,2895399,0
2143413,2895401,0
2142364,2895389,0
2142364,2895396,0
2142364,2895399,0
2142364,2895401,0
2143006,2895389,0
2143006,2895397,0
2143006,2895400,0
2143006,2895401,0
2142599,2895390,0
2142599,2895396,0
2142599,2895399,0
2142599,2895401,0
2143250,2895390,0
2143250,2895397,0
2143250,2895398,0
2143250,2895401,0
2142457,2895390,0
2142457,2895396,0
2142457,2895399,0
2142457,2895401,0
2143099,2895389,0
2143099,2895397,0
2143099,2895398,0
2143099,2895401,0
2142692,2895390,0
2142692,2895396,0
2142692,2895398,0
2142692,2895401,0
2143359,2895389,0
2143359,2895396,0
2143359,2895400,0
2143359,2895401,0
2142936,2895389,0
2142936,2895397,0
2142936,2895399,0
2142936,2895401,1
2142529,2895389,0
2142529,2895397,0
2142529,2895400,0
2142529,2895401,0
2143171,2895390,0
2143171,2895397,0
2143171,2895399,0
2143171,2895401,0
2142789,2895389,0
2142789,2895397,0
2142789,2895399,0
2142789,2895401,0
2143431,2895390,0
2143431,2895396,0
2143431,2895399,0
2143431,2895401,0
2142382,2895390,0
2142382,2895396,0
2142382,2895398,0
2142382,2895401,0
2142601,2895389,0
2142601,2895397,0
2142601,2895400,0
2142601,2895401,0
2143268,2895389,0
2143268,2895396,0
2143268,2895400,0
2143268,2895401,0
2142219,2895390,0
2142219,2895396,0
2142219,2895400,0
2142219,2895401,0
2142861,2895390,0
2142861,2895396,0
2142861,2895400,0
2142861,2895401,0
2142710,2895389,0
2142710,2895397,0
2142710,2895398,0
2142710,2895401,0
2142312,2895390,0
2142312,2895396,0
2142312,2895399,0
2142312,2895401,0
2142954,2895390,0
2142954,2895396,0
2142954,2895398,0
2142954,2895401,0
2142547,2895389,0
2142547,2895397,0
2142547,2895400,0
2142547,2895401,0
2143189,2895389,0
2143189,2895397,0
2143189,2895399,0
2143189,2895401,0
2142807,2895390,0
2142807,2895397,1
2142807,2895400,0
2142807,2895401,0
2143433,2895390,0
2143433,2895397,0
2143433,2895400,0
2143433,2895401,0
2142384,2895390,0
2142384,2895397,0
2142384,2895398,0
2142384,2895401,0
2142619,2895390,0
2142619,2895397,0
2142619,2895398,0
2142619,2895401,0
2143286,2895389,0
2143286,2895397,1
2143286,2895399,0
2143286,2895401,0
2142237,2895389,0
2142237,2895397,0
2142237,2895400,0
2142237,2895401,0
2142879,2895390,0
2142879,2895397,0
2142879,2895400,0
2142879,2895401,0
2142712,2895389,0
2142712,2895397,0
2142712,2895400,0
2142712,2895401,0
2142330,2895389,0
2142330,2895397,0
2142330,2895398,0
2142330,2895401,0
2142972,2895389,0
2142972,2895397,0
2142972,2895400,0
2142972,2895401,0
2142565,2895390,0
2142565,2895397,0
2142565,2895398,0
2142565,2895401,0
2143207,2895390,0
2143207,2895397,0
2143207,2895398,0
2143207,2895401,0
2142809,2895389,0
2142809,2895397,0
2142809,2895398,0
2142809,2895401,0
2143451,2895390,0
2143451,2895397,0
2143451,2895398,0
2143451,2895401,0
2142402,2895390,1
2142402,2895397,0
2142402,2895399,0
2142402,2895401,0
2143044,2895390,0
2143044,2895396,0
2143044,2895400,0
2143044,2895401,0
2142637,2895390,0
2142637,2895396,0
2142637,2895398,0
2142637,2895401,0
2143288,2895390,0
2143288,2895396,0
2143288,2895398,0
2143288,2895401,0
2142255,2895389,0
2142255,2895397,0
2142255,2895399,0
2142255,2895401,0
2142881,2895390,0
2142881,2895396,0
2142881,2895399,0
2142881,2895401,0
2142167,2895389,0
2142167,2895396,0
2142167,2895400,0
2142167,2895401,0
2142474,2895390,0
2142474,2895397,0
2142474,2895398,0
2142474,2895401,0
2142734,2895390,0
2142734,2895396,0
2142734,2895399,0
2142734,2895401,0
2143360,2895390,0
2143360,2895396,0
2143360,2895399,0
2143360,2895401,0
2142583,2895390,0
2142583,2895396,0
2142583,2895398,1
2142583,2895401,0
2143209,2895389,0
2143209,2895396,0
2143209,2895398,0
2143209,2895401,0
2142827,2895390,0
2142827,2895397,0
2142827,2895399,0
2142827,2895401,0
2143469,2895390,0
2143469,2895396,0
2143469,2895399,0
2143469,2895401,0
2142420,2895390,0
2142420,2895397,0
2142420,2895399,0
2142420,2895401,0
2142655,2895389,0
2142655,2895397,0
2142655,2895398,0
2142655,2895401,0
2143306,2895390,0
2143306,2895396,0
2143306,2895400,0
2143306,2895401,0
2142257,2895389,0
2142257,2895397,0
2142257,2895400,0
2142257,2895401,0
2142899,2895390,0
2142899,2895397,0
2142899,2895400,0
2142899,2895401,0
2142169,2895389,0
2142169,2895397,0
2142169,2895400,0
2142169,2895401,0
2142492,2895389,0
2142492,2895397,0
2142492,2895400,0
2142492,2895401,0
2143134,2895390,1
2143134,2895397,0
2143134,2895398,0
2143134,2895401,0
2142736,2895390,0
2142736,2895396,0
2142736,2895400,0
2142736,2895401,0
2143378,2895389,0
2143378,2895397,0
2143378,2895398,0
2143378,2895401,0
2142585,2895390,0
2142585,2895397,0
2142585,2895398,0
2142585,2895401,0
2143227,2895390,0
2143227,2895396,0
2143227,2895399,0
2143227,2895401,0
2124182,2895389,0
2124182,2895396,0
2124182,2895399,0
2124182,2895401,0
2142845,2895390,0
2142845,2895397,0
2142845,2895400,0
2142845,2895401,0
2143487,2895390,0
2143487,2895397,0
2143487,2895398,0
2143487,2895401,0
2142657,2895389,0
2142657,2895396,0
2142657,2895398,0
2142657,2895401,0
2143324,2895389,0
2143324,2895397,0
2143324,2895398,0
2143324,2895401,0
2142275,2895389,0
2142275,2895397,0
2142275,2895399,0
2142275,2895401,0
2142917,2895389,0
2142917,2895396,0
2142917,2895400,0
2142917,2895401,0
2142187,2895389,0
2142187,2895397,0
2142187,2895400,0
2142187,2895401,0
2142510,2895390,0
2142510,2895396,0
2142510,2895399,0
2142510,2895401,0
2143136,2895390,0
2143136,2895397,0
2143136,2895399,0
2143136,2895401,0
2142754,2895390,0
2142754,2895396,0
2142754,2895399,0
2142754,2895401,0
2143396,2895389,0
2143396,2895396,0
2143396,2895398,0
2143396,2895401,0
2142347,2895390,0
2142347,2895397,0
2142347,2895400,0
2142347,2895401,0
2142989,2895390,0
2142989,2895397,0
2142989,2895400,0
2142989,2895401,0
2143233,2895389,0
2143233,2895396,0
2143233,2895399,0
2143233,2895401,0
2074562,2895390,0
2074562,2895396,0
2074562,2895400,0
2074562,2895401,1
2142440,2895389,0
2142440,2895397,0
2142440,2895400,0
2142440,2895401,0
2143082,2895389,0
2143082,2895397,0
2143082,2895398,0
2143082,2895401,0
2142675,2895390,0
2142675,2895397,0
2142675,2895398,0
2142675,2895401,0
2143342,2895389,0
2143342,2895397,0
2143342,2895399,1
2143342,2895401,0
2142293,2895390,0
2142293,2895396,0
2142293,2895399,0
2142293,2895401,0
2142935,2895390,0
2142935,2895397,0
2142935,2895400,0
2142935,2895401,0
2142205,2895389,0
2142205,2895397,0
2142205,2895398,0
2142205,2895401,0
2142512,2895389,0
2142512,2895396,0
2142512,2895398,0
2142512,2895401,0
2143154,2895389,0
2143154,2895396,0
2143154,2895399,0
2143154,2895401,1
2143414,2895390,0
2143414,2895396,0
2143414,2895398,0
2143414,2895401,0
2142365,2895389,0
2142365,2895396,0
2142365,2895398,0
2142365,2895401,0
2143007,2895390,0
2143007,2895397,0
2143007,2895400,0
2143007,2895401,0
2143251,2895390,0
2143251,2895396,0
2143251,2895398,0
2143251,2895401,0
2142458,2895390,0
2142458,2895396,0
2142458,2895399,0
2142458,2895401,0
2143100,2895390,0
2143100,2895396,1
2143100,2895400,0
2143100,2895401,0
2142693,2895389,0
2142693,2895396,0
2142693,2895399,0
2142693,2895401,0
2143344,2895390,0
2143344,2895397,0
2143344,2895400,0
2143344,2895401,0
2142311,2895390,0
2142311,2895397,0
2142311,2895400,0
2142311,2895401,0
2142530,2895389,0
2142530,2895397,0
2142530,2895399,0
2142530,2895401,0
2143172,2895390,0
2143172,2895396,0
2143172,2895398,0
2143172,2895401,0
2142790,2895389,0
2142790,2895397,0
2142790,2895399,0
2142790,2895401,0
2143416,2895389,0
2143416,2895397,0
2143416,2895398,0
2143416,2895401,0
2142383,2895390,0
2142383,2895396,0
2142383,2895398,0
2142383,2895401,0
2143009,2895390,0
2143009,2895396,0
2143009,2895399,0
2143009,2895401,0
2123838,2895390,0
2123838,2895397,0
2123838,2895398,0
2123838,2895401,0
2142602,2895390,0
2142602,2895397,0
2142602,2895398,0
2142602,2895401,0
2143269,2895390,0
2143269,2895397,0
2143269,2895399,0
2143269,2895401,0
2142220,2895389,0
2142220,2895397,0
2142220,2895400,0
2142220,2895401,0
2142862,2895389,0
2142862,2895396,0
2142862,2895400,0
2142862,2895401,0
2144474,2895390,0
2144474,2895397,0
2144474,2895400,0
2144474,2895401,0
2142711,2895389,0
2142711,2895397,0
2142711,2895399,0
2142711,2895401,0
2142313,2895389,0
2142313,2895397,0
2142313,2895400,0
2142313,2895401,0
2142955,2895390,0
2142955,2895397,0
2142955,2895399,0
2142955,2895401,0
2142548,2895389,0
2142548,2895396,0
2142548,2895400,0
2142548,2895401,0
2143190,2895389,0
2143190,2895396,0
2143190,2895399,0
2143190,2895401,1
2142792,2895389,0
2142792,2895396,0
2142792,2895400,0
2142792,2895401,0
2142385,2895390,0
2142385,2895396,1
2142385,2895398,0
2142385,2895401,0
2143027,2895390,0
2143027,2895396,0
2143027,2895398,0
2143027,2895401,0
2130676,2895389,0
2130676,2895396,0
2130676,2895400,0
2130676,2895401,0
2142620,2895389,0
2142620,2895396,0
2142620,2895399,0
2142620,2895401,0
2143287,2895389,0
2143287,2895396,0
2143287,2895398,0
2143287,2895401,0
2142864,2895389,0
2142864,2895397,0
2142864,2895399,0
2142864,2895401,0
2142713,2895390,0
2142713,2895397,0
2142713,2895398,0
2142713,2895401,0
2142331,2895389,0
2142331,2895396,0
2142331,2895400,0
2142331,2895401,0
2142973,2895389,0
2142973,2895396,0
2142973,2895399,0
2142973,2895401,0
2142566,2895390,0
2142566,2895396,0
2142566,2895398,0
2142566,2895401,0
2143192,2895389,0
2143192,2895397,0
2143192,2895398,0
2143192,2895401,0
2142810,2895389,0
2142810,2895396,0
2142810,2895398,0
2142810,2895401,0
2142403,2895389,0
2142403,2895396,0
2142403,2895400,0
2142403,2895401,0
2130820,2895389,0
2130820,2895397,0
2130820,2895398,0
2130820,2895401,0
2143045,2895390,0
2143045,2895396,0
2143045,2895398,0
2143045,2895401,0
2142638,2895390,0
2142638,2895396,0
2142638,2895399,0
2142638,2895401,0
2143289,2895390,0
2143289,2895396,0
2143289,2895399,0
2143289,2895401,0
2142240,2895390,0
2142240,2895396,0
2142240,2895398,0
2142240,2895401,0
2142882,2895390,0
2142882,2895397,0
2142882,2895400,0
2142882,2895401,0
2142475,2895390,0
2142475,2895396,0
2142475,2895398,0
2142475,2895401,0
2143117,2895390,0
2143117,2895396,0
2143117,2895398,0
2143117,2895401,0
2142735,2895389,0
2142735,2895397,0
2142735,2895399,0
2142735,2895401,0
2143361,2895389,0
2143361,2895396,0
2143361,2895400,0
2143361,2895401,0
2142568,2895390,0
2142568,2895396,0
2142568,2895398,0
2142568,2895401,0
2143210,2895390,0
2143210,2895396,0
2143210,2895400,0
2143210,2895401,0
2142828,2895390,1
2142828,2895396,0
2142828,2895399,0
2142828,2895401,0
2123783,2895389,0
2123783,2895397,0
2123783,2895400,0
2123783,2895401,0
2143470,2895390,0
2143470,2895396,0
2143470,2895398,0
2143470,2895401,0
2143063,2895390,0
2143063,2895397,0
2143063,2895399,0
2143063,2895401,0
2142640,2895389,0
2142640,2895396,0
2142640,2895399,0
2142640,2895401,0
2143307,2895389,0
2143307,2895397,0
2143307,2895399,0
2143307,2895401,0
2142258,2895390,0
2142258,2895397,0
2142258,2895398,0
2142258,2895401,0
2142900,2895390,0
2142900,2895397,0
2142900,2895400,0
2142900,2895401,1
2142170,2895389,0
2142170,2895397,0
2142170,2895399,0
2142170,2895401,0
2142493,2895390,0
2142493,2895396,0
2142493,2895399,0
2142493,2895401,0
2143135,2895389,0
2143135,2895396,0
2143135,2895400,0
2143135,2895401,0
2142737,2895390,0
2142737,2895397,0
2142737,2895399,0
2142737,2895401,0
2096888,2895390,0
2096888,2895397,0
2096888,2895398,0
2096888,2895401,0
2143379,2895389,0
2143379,2895396,0
2143379,2895400,0
2143379,2895401,0
2142586,2895389,0
2142586,2895396,0
2142586,2895399,0
2142586,2895401,0
2143228,2895389,0
2143228,2895396,0
2143228,2895399,0
2143228,2895401,0
2142846,2895389,0
2142846,2895397,0
2142846,2895400,0
2142846,2895401,0
2142439,2895389,0
2142439,2895397,0
2142439,2895398,0
2142439,2895401,0
2143065,2895389,0
2143065,2895397,0
2143065,2895398,0
2143065,2895401,0
2143325,2895390,0
2143325,2895396,0
2143325,2895399,0
2143325,2895401,0
2142276,2895389,0
2142276,2895397,0
2142276,2895400,0
2142276,2895401,0
2142918,2895390,0
2142918,2895396,0
2142918,2895398,0
2142918,2895401,0
2142188,2895390,0
2142188,2895397,0
2142188,2895400,0
2142188,2895401,0
2142511,2895390,0
2142511,2895396,0
2142511,2895400,0
2142511,2895401,0
2143137,2895389,0
2143137,2895397,0
2143137,2895399,0
2143137,2895401,0
2142755,2895390,0
2142755,2895396,0
2142755,2895398,0
2142755,2895401,0
2142348,2895390,0
2142348,2895397,0
2142348,2895398,0
2142348,2895401,0
2142990,2895389,0
2142990,2895396,0
2142990,2895399,0
2142990,2895401,1
2143234,2895390,0
2143234,2895397,0
2143234,2895398,0
2143234,2895401,0
2142441,2895389,0
2142441,2895397,0
2142441,2895400,0
2142441,2895401,0
2143083,2895389,0
2143083,2895397,0
2143083,2895399,0
2143083,2895401,0
2142097,2895390,0
2142097,2895396,0
2142097,2895398,0
2142097,2895401,0
2142676,2895389,0
2142676,2895397,0
2142676,2895400,0
2142676,2895401,0
2143343,2895390,0
2143343,2895397,0
2143343,2895400,0
2143343,2895401,0
2142294,2895390,0
2142294,2895397,0
2142294,2895399,0
2142294,2895401,0
2142920,2895390,0
2142920,2895397,0
2142920,2895399,0
2142920,2895401,0
2142206,2895390,0
2142206,2895397,0
2142206,2895398,0
2142206,2895401,0
2143155,2895390,0
2143155,2895396,0
2143155,2895399,0
2143155,2895401,0
2144527,2895389,0
2144527,2895396,0
2144527,2895398,0
2144527,2895401,0
2142773,2895389,0
2142773,2895397,0
2142773,2895400,0
2142773,2895401,0
2143415,2895389,0
2143415,2895396,0
2143415,2895398,0
2143415,2895401,0
2142366,2895389,0
2142366,2895397,0
2142366,2895398,0
2142366,2895401,0
2142992,2895390,0
2142992,2895396,0
2142992,2895400,0
2142992,2895401,0
2143252,2895390,0
2143252,2895396,0
2143252,2895399,0
2143252,2895401,0
2142459,2895389,0
2142459,2895397,0
2142459,2895398,0
2142459,2895401,0
2143101,2895390,0
2143101,2895397,0
2143101,2895400,0
2143101,2895401,0
2142694,2895389,0
2142694,2895396,0
2142694,2895398,0
2142694,2895401,0
2143345,2895389,0
2143345,2895396,1
2143345,2895398,0
2143345,2895401,0
2142296,2895389,0
2142296,2895396,0
2142296,2895399,0
2142296,2895401,0
2142938,2895389,0
2142938,2895396,0
2142938,2895399,0
2142938,2895401,0
2142531,2895390,0
2142531,2895396,0
2142531,2895399,0
2142531,2895401,0
2143173,2895390,0
2143173,2895397,0
2143173,2895399,0
2143173,2895401,0
2142791,2895389,0
2142791,2895396,0
2142791,2895398,0
2142791,2895401,0
2143417,2895389,0
2143417,2895396,0
2143417,2895400,0
2143417,2895401,0
2142368,2895390,0
2142368,2895396,0
2142368,2895399,0
2142368,2895401,0
2143010,2895389,1
2143010,2895397,0
2143010,2895398,0
2143010,2895401,0
2142603,2895389,0
2142603,2895396,0
2142603,2895398,0
2142603,2895401,1
2143270,2895390,0
2143270,2895397,0
2143270,2895398,0
2143270,2895401,0
2142221,2895389,0
2142221,2895397,0
2142221,2895398,0
2142221,2895401,0
2142863,2895390,0
2142863,2895396,0
2142863,2895398,0
2142863,2895401,0
2142696,2895390,0
2142696,2895397,0
2142696,2895399,0
2142696,2895401,0
2142314,2895389,0
2142314,2895396,0
2142314,2895398,0
2142314,2895401,0
2142956,2895389,0
2142956,2895397,0
2142956,2895399,1
2142956,2895401,0
2142549,2895390,0
2142549,2895397,0
2142549,2895398,0
2142549,2895401,0
2143191,2895390,0
2143191,2895397,0
2143191,2895399,0
2143191,2895401,1
2119266,2895390,0
2119266,2895396,0
2119266,2895398,0
2119266,2895401,0
2142793,2895389,0
2142793,2895396,0
2142793,2895400,0
2142793,2895401,0
2143435,2895390,0
2143435,2895397,0
2143435,2895399,0
2143435,2895401,0
2142386,2895390,0
2142386,2895396,0
2142386,2895398,0
2142386,2895401,0
2142621,2895389,0
2142621,2895397,0
2142621,2895400,0
2142621,2895401,0
2143272,2895390,0
2143272,2895397,0
2143272,2895398,0
2143272,2895401,0
2142239,2895390,0
2142239,2895397,0
2142239,2895399,0
2142239,2895401,0
2142865,2895390,0
2142865,2895396,0
2142865,2895398,0
2142865,2895401,0
2142714,2895389,0
2142714,2895397,0
2142714,2895400,0
2142714,2895401,0
2142332,2895389,0
2142332,2895396,0
2142332,2895400,1
2142332,2895401,0
2142974,2895390,0
2142974,2895396,0
2142974,2895399,0
2142974,2895401,0
2142567,2895389,0
2142567,2895397,0
2142567,2895400,0
2142567,2895401,0
2143193,2895389,0
2143193,2895396,0
2143193,2895398,0
2143193,2895401,0
2142811,2895390,0
2142811,2895397,0
2142811,2895400,0
2142811,2895401,0
2143453,2895390,0
2143453,2895396,0
2143453,2895398,0
2143453,2895401,0
2142404,2895390,0
2142404,2895396,0
2142404,2895398,0
2142404,2895401,0
2143046,2895390,0
2143046,2895397,0
2143046,2895398,0
2143046,2895401,0
2142639,2895390,0
2142639,2895396,0
2142639,2895400,0
2142639,2895401,0
2143290,2895389,0
2143290,2895396,0
2143290,2895400,0
2143290,2895401,0
2142241,2895390,0
2142241,2895396,0
2142241,2895399,0
2142241,2895401,0
2143118,2895389,0
2143118,2895397,0
2143118,2895400,0
2143118,2895401,0
2142720,2895390,0
2142720,2895396,1
2142720,2895398,0
2142720,2895401,0
2143362,2895389,0
2143362,2895396,0
2143362,2895398,0
2143362,2895401,0
2142569,2895390,0
2142569,2895396,0
2142569,2895399,0
2142569,2895401,0
2142829,2895389,0
2142829,2895396,0
2142829,2895398,0
2142829,2895401,0
2143471,2895390,0
2143471,2895396,0
2143471,2895398,0
2143471,2895401,0
2142422,2895389,0
2142422,2895397,0
2142422,2895398,0
2142422,2895401,0
2143048,2895389,0
2143048,2895397,0
2143048,2895400,0
2143048,2895401,0
2142641,2895390,0
2142641,2895396,0
2142641,2895399,0
2142641,2895401,0
2143308,2895390,0
2143308,2895396,0
2143308,2895399,0
2143308,2895401,1
2142259,2895389,0
2142259,2895397,0
2142259,2895400,0
2142259,2895401,0
2142901,2895390,0
2142901,2895397,0
2142901,2895398,0
2142901,2895401,0
2142171,2895389,0
2142171,2895396,0
2142171,2895399,0
2142171,2895401,0
2142494,2895389,0
2142494,2895396,0
2142494,2895400,0
2142494,2895401,0
2143120,2895390,0
2143120,2895396,1
2143120,2895400,0
2143120,2895401,0
2142738,2895390,0
2142738,2895397,0
2142738,2895399,0
2142738,2895401,0
2143380,2895389,0
2143380,2895396,0
2143380,2895399,0
2143380,2895401,0
2142587,2895390,0
2142587,2895396,0
2142587,2895399,0
2142587,2895401,0
2143229,2895389,0
2143229,2895396,0
2143229,2895399,0
2143229,2895401,0
2142847,2895390,0
2142847,2895397,0
2142847,2895399,0
2142847,2895401,0
2143473,2895389,0
2143473,2895397,0
2143473,2895398,0
2143473,2895401,0
2142424,2895389,0
2142424,2895397,0
2142424,2895399,0
2142424,2895401,0
2143066,2895389,0
2143066,2895397,0
2143066,2895400,0
2143066,2895401,0
2142659,2895389,0
2142659,2895397,0
2142659,2895400,0
2142659,2895401,0
2143326,2895390,0
2143326,2895396,0
2143326,2895398,0
2143326,2895401,0
2142277,2895390,0
2142277,2895397,0
2142277,2895398,0
2142277,2895401,1
2142919,2895390,0
2142919,2895397,0
2142919,2895398,0
2142919,2895401,0
2142189,2895389,0
2142189,2895397,0
2142189,2895399,0
2142189,2895401,0
2142496,2895389,0
2142496,2895396,0
2142496,2895399,0
2142496,2895401,0
2143138,2895389,0
2143138,2895397,0
2143138,2895400,0
2143138,2895401,0
2142756,2895389,0
2142756,2895397,0
2142756,2895400,0
2142756,2895401,0
2143398,2895389,0
2143398,2895397,0
2143398,2895400,0
2143398,2895401,0
2142349,2895389,0
2142349,2895397,0
2142349,2895399,0
2142349,2895401,0
2142991,2895389,0
2142991,2895397,0
2142991,2895399,0
2142991,2895401,0
2074652,2895389,0
2074652,2895397,0
2074652,2895399,0
2074652,2895401,0
2143235,2895389,0
2143235,2895397,0
2143235,2895400,0
2143235,2895401,0
2142442,2895390,0
2142442,2895397,0
2142442,2895400,0
2142442,2895401,0
2143084,2895390,0
2143084,2895396,0
2143084,2895398,0
2143084,2895401,0
2142677,2895390,0
2142677,2895397,0
2142677,2895398,0
2142677,2895401,0
2143328,2895389,0
2143328,2895396,0
2143328,2895398,0
2143328,2895401,0
2142295,2895390,0
2142295,2895396,0
2142295,2895400,0
2142295,2895401,0
2142921,2895390,0
2142921,2895397,0
2142921,2895399,0
2142921,2895401,0
2142207,2895390,0
2142207,2895397,0
2142207,2895400,0
2142207,2895401,0
2142514,2895390,0
2142514,2895396,0
2142514,2895398,0
2142514,2895401,0
2143156,2895389,0
2143156,2895396,0
2143156,2895398,0
2143156,2895401,1
2142774,2895389,0
2142774,2895397,0
2142774,2895398,0
2142774,2895401,0
2143400,2895390,0
2143400,2895396,0
2143400,2895399,0
2143400,2895401,1
2142993,2895390,0
2142993,2895396,0
2142993,2895399,0
2142993,2895401,0
2080378,2895389,0
2080378,2895396,0
2080378,2895400,0
2080378,2895401,0
2143253,2895389,0
2143253,2895396,0
2143253,2895399,0
2143253,2895401,0
2143102,2895390,0
2143102,2895397,0
2143102,2895398,0
2143102,2895401,0
2142695,2895389,0
2142695,2895397,0
2142695,2895399,0
2142695,2895401,0
2143346,2895389,0
2143346,2895397,0
2143346,2895398,0
2143346,2895401,0
2142939,2895390,0
2142939,2895397,0
2142939,2895398,0
2142939,2895401,0
2142532,2895389,0
2142532,2895396,0
2142532,2895400,0
2142532,2895401,0
2143174,2895389,0
2143174,2895397,0
2143174,2895399,0
2143174,2895401,0
2142776,2895390,0
2142776,2895396,0
2142776,2895399,0
2142776,2895401,0
2143418,2895390,0
2143418,2895397,0
2143418,2895399,0
2143418,2895401,0
2142369,2895389,0
2142369,2895396,0
2142369,2895400,0
2142369,2895401,0
2143011,2895389,0
2143011,2895397,0
2143011,2895399,0
2143011,2895401,0
2142604,2895389,0
2142604,2895397,0
2142604,2895399,0
2142604,2895401,0
2143271,2895390,0
2143271,2895397,0
2143271,2895400,0
2143271,2895401,0
2142222,2895390,0
2142222,2895397,0
2142222,2895398,0
2142222,2895401,0
2142848,2895390,0
2142848,2895396,0
2142848,2895400,0
2142848,2895401,0
2142697,2895390,0
2142697,2895397,0
2142697,2895399,0
2142697,2895401,0
2142315,2895390,0
2142315,2895397,0
2142315,2895400,0
2142315,2895401,0
2142957,2895390,0
2142957,2895397,0
2142957,2895398,0
2142957,2895401,0
2142550,2895389,0
2142550,2895396,0
2142550,2895398,0
2142550,2895401,0
2143176,2895390,0
2143176,2895397,0
2143176,2895398,0
2143176,2895401,0
2143436,2895390,0
2143436,2895397,0
2143436,2895398,0
2143436,2895401,1
2142387,2895389,0
2142387,2895397,0
2142387,2895399,0
2142387,2895401,0
2143029,2895389,0
2143029,2895396,0
2143029,2895400,0
2143029,2895401,0
2142622,2895390,0
2142622,2895396,0
2142622,2895398,0
2142622,2895401,0
2143273,2895389,0
2143273,2895396,0
2143273,2895398,0
2143273,2895401,0
2142224,2895389,0
2142224,2895396,0
2142224,2895399,0
2142224,2895401,0
2142866,2895390,0
2142866,2895396,0
2142866,2895398,0
2142866,2895401,0
2142715,2895389,0
2142715,2895397,0
2142715,2895400,0
2142715,2895401,0
2142333,2895389,0
2142333,2895396,0
2142333,2895399,0
2142333,2895401,1
2142975,2895389,0
2142975,2895396,0
2142975,2895398,0
2142975,2895401,0
2142552,2895389,0
2142552,2895396,0
2142552,2895399,0
2142552,2895401,0
2143194,2895389,0
2143194,2895397,0
2143194,2895398,0
2143194,2895401,0
2142812,2895390,0
2142812,2895396,0
2142812,2895399,0
2142812,2895401,0
2143454,2895389,0
2143454,2895397,0
2143454,2895400,0
2143454,2895401,0
2142405,2895390,0
2142405,2895397,0
2142405,2895399,0
2142405,2895401,0
2143047,2895390,0
2143047,2895396,0
2143047,2895398,0
2143047,2895401,0
2142624,2895389,0
2142624,2895397,0
2142624,2895400,0
2142624,2895401,0
2143291,2895389,0
2143291,2895397,0
2143291,2895398,0
2143291,2895401,0
2142242,2895390,0
2142242,2895396,0
2142242,2895399,0
2142242,2895401,0
2142884,2895389,0
2142884,2895396,0
2142884,2895400,0
2142884,2895401,0
2142477,2895389,0
2142477,2895397,0
2142477,2895399,0
2142477,2895401,0
2143119,2895390,0
2143119,2895396,0
2143119,2895398,0
2143119,2895401,0
2142721,2895389,0
2142721,2895396,0
2142721,2895398,0
2142721,2895401,0
2143363,2895389,0
2143363,2895396,0
2143363,2895398,0
2143363,2895401,0
2142570,2895389,0
2142570,2895396,0
2142570,2895399,0
2142570,2895401,0
2142830,2895389,0
2142830,2895396,0
2142830,2895398,0
2142830,2895401,0
2142423,2895390,0
2142423,2895397,0
2142423,2895399,0
2142423,2895401,0
2143049,2895390,0
2143049,2895397,0
2143049,2895399,0
2143049,2895401,0
2142642,2895389,0
2142642,2895396,0
2142642,2895399,0
2142642,2895401,0
2143309,2895390,0
2143309,2895397,0
2143309,2895399,0
2143309,2895401,0
2142260,2895389,0
2142260,2895397,0
2142260,2895399,0
2142260,2895401,0
2142902,2895390,0
2142902,2895396,0
2142902,2895398,0
2142902,2895401,0
2142172,2895389,0
2142172,2895396,0
2142172,2895399,0
2142172,2895401,0
2142495,2895390,0
2142495,2895396,0
2142495,2895398,0
2142495,2895401,0
2143121,2895390,0
2143121,2895396,0
2143121,2895398,0
2143121,2895401,0
2075847,2895389,0
2075847,2895396,0
2075847,2895399,0
2075847,2895401,0
2142739,2895389,0
2142739,2895396,0
2142739,2895400,0
2142739,2895401,0
2143381,2895389,0
2143381,2895397,0
2143381,2895399,0
2143381,2895401,0
2142588,2895390,0
2142588,2895397,0
2142588,2895400,0
2142588,2895401,0
2143230,2895390,0
2143230,2895396,0
2143230,2895399,0
2143230,2895401,0
2142832,2895390,0
2142832,2895396,0
2142832,2895400,0
2142832,2895401,0
2143474,2895390,0
2143474,2895396,0
2143474,2895400,0
2143474,2895401,0
2142660,2895389,0
2142660,2895396,0
2142660,2895399,0
2142660,2895401,0
2143327,2895389,0
2143327,2895397,1
2143327,2895400,0
2143327,2895401,0
2142278,2895389,0
2142278,2895396,0
2142278,2895398,0
2142278,2895401,0
2142904,2895389,0
2142904,2895396,0
2142904,2895399,0
2142904,2895401,0
2142190,2895389,0
2142190,2895397,0
2142190,2895399,0
2142190,2895401,0
2142497,2895390,0
2142497,2895396,0
2142497,2895398,0
2142497,2895401,0
2143139,2895390,0
2143139,2895396,0
2143139,2895400,0
2143139,2895401,0
2142757,2895389,0
2142757,2895397,0
2142757,2895400,0
2142757,2895401,0
2143399,2895390,0
2143399,2895397,0
2143399,2895398,0
2143399,2895401,0
2142350,2895390,0
2142350,2895397,0
2142350,2895399,0
2142350,2895401,1
2142976,2895389,0
2142976,2895397,0
2142976,2895400,0
2142976,2895401,0
2143236,2895390,0
2143236,2895397,0
2143236,2895398,0
2143236,2895401,0
2074565,2895389,0
2074565,2895397,0
2074565,2895399,0
2074565,2895401,0
2142443,2895390,0
2142443,2895397,0
2142443,2895400,0
2142443,2895401,0
2143085,2895389,1
2143085,2895396,0
2143085,2895398,0
2143085,2895401,0
2142678,2895389,0
2142678,2895396,0
2142678,2895400,0
2142678,2895401,0
2143329,2895389,0
2143329,2895397,0
2143329,2895399,0
2143329,2895401,0
2142280,2895389,0
2142280,2895396,0
2142280,2895400,0
2142280,2895401,0
2142922,2895390,0
2142922,2895397,0
2142922,2895400,0
2142922,2895401,0
2142192,2895389,0
2142192,2895396,0
2142192,2895399,0
2142192,2895401,0
2142515,2895389,0
2142515,2895397,0
2142515,2895399,0
2142515,2895401,0
2143157,2895390,0
2143157,2895397,0
2143157,2895398,0
2143157,2895401,1
2143808,2895390,0
2143808,2895397,0
2143808,2895398,0
2143808,2895401,0
2142775,2895390,0
2142775,2895397,0
2142775,2895399,0
2142775,2895401,0
2143401,2895390,0
2143401,2895397,0
2143401,2895400,0
2143401,2895401,0
2142352,2895390,0
2142352,2895396,0
2142352,2895400,0
2142352,2895401,0
2142994,2895390,0
2142994,2895396,0
2142994,2895400,0
2142994,2895401,0
2143254,2895390,0
2143254,2895396,0
2143254,2895400,0
2143254,2895401,0
2142461,2895390,0
2142461,2895396,0
2142461,2895400,0
2142461,2895401,0
2143103,2895390,0
2143103,2895396,0
2143103,2895398,0
2143103,2895401,0
2142680,2895389,0
2142680,2895397,0
2142680,2895400,0
2142680,2895401,0
2143347,2895389,0
2143347,2895397,0
2143347,2895400,0
2143347,2895401,0
2142298,2895389,0
2142298,2895396,0
2142298,2895399,0
2142298,2895401,0
2142940,2895390,0
2142940,2895396,0
2142940,2895398,0
2142940,2895401,0
2142533,2895389,0
2142533,2895396,0
2142533,2895398,0
2142533,2895401,0
2143175,2895389,0
2143175,2895396,0
2143175,2895398,0
2143175,2895401,0
2142777,2895389,0
2142777,2895396,1
2142777,2895400,0
2142777,2895401,0
2143419,2895390,0
2143419,2895396,0
2143419,2895399,0
2143419,2895401,0
2143012,2895389,0
2143012,2895397,0
2143012,2895398,0
2143012,2895401,0
2142605,2895389,0
2142605,2895396,0
2142605,2895400,0
2142605,2895401,0
2143256,2895389,0
2143256,2895397,0
2143256,2895399,0
2143256,2895401,0
2142223,2895390,0
2142223,2895397,0
2142223,2895399,0
2142223,2895401,0
2142849,2895389,0
2142849,2895397,0
2142849,2895399,0
2142849,2895401,0
2142698,2895389,0
2142698,2895396,0
2142698,2895398,0
2142698,2895401,0
2142316,2895390,0
2142316,2895396,0
2142316,2895399,0
2142316,2895401,0
2142958,2895390,0
2142958,2895396,0
2142958,2895398,0
2142958,2895401,0
2142551,2895390,0
2142551,2895397,0
2142551,2895399,0
2142551,2895401,0
2143177,2895389,0
2143177,2895396,0
2143177,2895399,0
2143177,2895401,0
2142795,2895389,0
2142795,2895396,0
2142795,2895400,0
2142795,2895401,0
2143437,2895390,0
2143437,2895396,0
2143437,2895399,0
2143437,2895401,0
2142388,2895390,0
2142388,2895397,0
2142388,2895398,0
2142388,2895401,0
2143030,2895390,0
2143030,2895397,0
2143030,2895400,0
2143030,2895401,0
2142623,2895390,0
2142623,2895396,0
2142623,2895399,0
2142623,2895401,0
2143274,2895389,0
2143274,2895397,0
2143274,2895400,0
2143274,2895401,0
2142225,2895389,0
2142225,2895396,0
2142225,2895399,0
2142225,2895401,0
2142867,2895389,0
2142867,2895396,0
2142867,2895400,0
2142867,2895401,0
2142334,2895390,0
2142334,2895396,0
2142334,2895399,0
2142334,2895401,0
2142960,2895390,0
2142960,2895396,0
2142960,2895399,0
2142960,2895401,0
2143195,2895390,0
2143195,2895397,0
2143195,2895400,0
2143195,2895401,0
2142813,2895390,0
2142813,2895396,0
2142813,2895399,0
2142813,2895401,0
2143455,2895390,0
2143455,2895397,0
2143455,2895399,0
2143455,2895401,0
2142406,2895389,0
2142406,2895396,0
2142406,2895400,0
2142406,2895401,1
2143032,2895389,0
2143032,2895397,0
2143032,2895398,0
2143032,2895401,0
2142625,2895390,0
2142625,2895397,0
2142625,2895399,0
2142625,2895401,0
2143292,2895389,0
2143292,2895396,0
2143292,2895399,0
2143292,2895401,0
2123773,2895390,0
2123773,2895396,0
2123773,2895399,0
2123773,2895401,0
2142243,2895389,0
2142243,2895397,0
2142243,2895398,0
2142243,2895401,0
2142885,2895389,0
2142885,2895396,0
2142885,2895399,0
2142885,2895401,0
2142478,2895390,0
2142478,2895397,0
2142478,2895398,0
2142478,2895401,0
2113743,2895390,0
2113743,2895397,0
2113743,2895398,0
2113743,2895401,1
2143104,2895390,0
2143104,2895397,0
2143104,2895399,0
2143104,2895401,1
2142722,2895389,0
2142722,2895397,0
2142722,2895399,0
2142722,2895401,0
2143364,2895389,0
2143364,2895396,0
2143364,2895398,0
2143364,2895401,0
2142571,2895390,0
2142571,2895397,0
2142571,2895400,0
2142571,2895401,0
2142831,2895390,0
2142831,2895396,0
2142831,2895399,0
2142831,2895401,0
2143457,2895389,0
2143457,2895397,0
2143457,2895398,0
2143457,2895401,0
2142408,2895389,0
2142408,2895396,0
2142408,2895399,0
2142408,2895401,0
2143050,2895389,0
2143050,2895397,0
2143050,2895400,0
2143050,2895401,0
2142643,2895389,0
2142643,2895397,0
2142643,2895399,0
2142643,2895401,0
2143310,2895390,0
2143310,2895396,0
2143310,2895398,0
2143310,2895401,0
2142903,2895389,0
2142903,2895397,0
2142903,2895398,0
2142903,2895401,0
2142173,2895390,0
2142173,2895397,0
2142173,2895400,0
2142173,2895401,0
2142480,2895390,0
2142480,2895396,0
2142480,2895398,0
2142480,2895401,0
2143122,2895390,0
2143122,2895396,0
2143122,2895398,0
2143122,2895401,0
2142740,2895390,0
2142740,2895397,0
2142740,2895399,0
2142740,2895401,0
2143382,2895390,0
2143382,2895396,0
2143382,2895398,0
2143382,2895401,0
2142589,2895389,0
2142589,2895397,0
2142589,2895399,0
2142589,2895401,0
2143231,2895390,0
2143231,2895397,0
2143231,2895398,0
2143231,2895401,0
2142833,2895389,0
2142833,2895396,0
2142833,2895399,0
2142833,2895401,0
2143475,2895390,0
2143475,2895397,0
2143475,2895398,0
2143475,2895401,0
2142426,2895389,0
2142426,2895396,0
2142426,2895400,0
2142426,2895401,0
2143068,2895389,0
2143068,2895396,0
2143068,2895400,0
2143068,2895401,0
2142661,2895390,0
2142661,2895396,0
2142661,2895398,0
2142661,2895401,0
2143312,2895390,0
2143312,2895397,0
2143312,2895400,0
2143312,2895401,0
2142279,2895390,0
2142279,2895396,0
2142279,2895400,0
2142279,2895401,0
2142905,2895389,0
2142905,2895396,0
2142905,2895399,0
2142905,2895401,0
2142498,2895389,0
2142498,2895397,0
2142498,2895400,0
2142498,2895401,0
2143140,2895389,0
2143140,2895396,1
2143140,2895399,0
2143140,2895401,0
2142758,2895389,0
2142758,2895397,0
2142758,2895399,0
2142758,2895401,0
2143384,2895389,0
2143384,2895396,0
2143384,2895399,0
2143384,2895401,0
2142351,2895390,0
2142351,2895396,0
2142351,2895399,0
2142351,2895401,0
2142977,2895389,0
2142977,2895396,0
2142977,2895399,0
2142977,2895401,0
2143237,2895390,0
2143237,2895396,0
2143237,2895399,0
2143237,2895401,0
2142444,2895390,0
2142444,2895396,0
2142444,2895400,0
2142444,2895401,1
2143086,2895389,0
2143086,2895397,0
2143086,2895398,0
2143086,2895401,0
2142679,2895390,0
2142679,2895397,0
2142679,2895398,0
2142679,2895401,0
2143330,2895390,0
2143330,2895397,0
2143330,2895399,0
2143330,2895401,0
2142281,2895390,0
2142281,2895397,0
2142281,2895400,0
2142281,2895401,0
2142923,2895389,0
2142923,2895397,0
2142923,2895400,0
2142923,2895401,0
2142193,2895390,0
2142193,2895396,0
2142193,2895400,0
2142193,2895401,0
2142516,2895389,0
2142516,2895396,0
2142516,2895400,0
2142516,2895401,0
2143158,2895389,0
2143158,2895397,0
2143158,2895399,0
2143158,2895401,0
2142760,2895390,0
2142760,2895397,0
2142760,2895399,0
2142760,2895401,0
2143402,2895390,0
2143402,2895397,0
2143402,2895399,0
2143402,2895401,0
2124613,2895390,0
2124613,2895396,0
2124613,2895398,0
2124613,2895401,0
2142353,2895389,0
2142353,2895396,0
2142353,2895399,0
2142353,2895401,0
2142995,2895389,0
2142995,2895396,0
2142995,2895400,0
2142995,2895401,0
2143255,2895389,0
2143255,2895397,0
2143255,2895399,0
2143255,2895401,0
2142462,2895389,0
2142462,2895396,0
2142462,2895400,0
2142462,2895401,0
2143088,2895390,0
2143088,2895397,0
2143088,2895399,0
2143088,2895401,0
2142681,2895389,0
2142681,2895397,0
2142681,2895399,0
2142681,2895401,0
2143348,2895389,0
2143348,2895396,0
2143348,2895400,0
2143348,2895401,0
2142299,2895389,0
2142299,2895396,0
2142299,2895400,0
2142299,2895401,0
2142941,2895390,0
2142941,2895397,0
2142941,2895400,0
2142941,2895401,0
2142534,2895390,0
2142534,2895397,0
2142534,2895399,0
2142534,2895401,0
2143160,2895390,0
2143160,2895396,0
2143160,2895400,0
2143160,2895401,0
2142778,2895389,0
2142778,2895396,0
2142778,2895400,0
2142778,2895401,0
2143420,2895390,0
2143420,2895396,0
2143420,2895398,0
2143420,2895401,0
2142371,2895389,0
2142371,2895397,0
2142371,2895399,0
2142371,2895401,0
2143013,2895389,0
2143013,2895397,0
2143013,2895400,0
2143013,2895401,0
2142606,2895390,0
2142606,2895397,0
2142606,2895399,0
2142606,2895401,0
2143257,2895390,0
2143257,2895396,0
2143257,2895399,1
2143257,2895401,0
2142208,2895390,0
2142208,2895397,0
2142208,2895399,0
2142208,2895401,0
2142850,2895389,0
2142850,2895397,0
2142850,2895398,0
2142850,2895401,0
2142699,2895389,0
2142699,2895396,0
2142699,2895400,0
2142699,2895401,0
2142317,2895390,0
2142317,2895396,0
2142317,2895399,0
2142317,2895401,0
2142959,2895390,0
2142959,2895397,0
2142959,2895400,0
2142959,2895401,0
2142536,2895389,0
2142536,2895396,0
2142536,2895400,0
2142536,2895401,0
2143178,2895390,0
2143178,2895397,0
2143178,2895400,0
2143178,2895401,0
2142796,2895390,0
2142796,2895396,0
2142796,2895400,0
2142796,2895401,0
2143438,2895390,0
2143438,2895396,0
2143438,2895398,0
2143438,2895401,0
2124633,2895390,0
2124633,2895396,0
2124633,2895399,0
2124633,2895401,1
2142389,2895390,0
2142389,2895397,0
2142389,2895398,0
2142389,2895401,0
2142608,2895390,0
2142608,2895396,0
2142608,2895399,0
2142608,2895401,0
2143275,2895389,0
2143275,2895397,0
2143275,2895399,0
2143275,2895401,0
2142226,2895390,0
2142226,2895397,0
2142226,2895398,0
2142226,2895401,0
2142868,2895389,0
2142868,2895397,0
2142868,2895398,0
2142868,2895401,0
2142717,2895390,0
2142717,2895397,0
2142717,2895398,0
2142717,2895401,0
2142335,2895390,0
2142335,2895396,0
2142335,2895399,0
2142335,2895401,0
2142961,2895389,0
2142961,2895396,0
2142961,2895398,0
2142961,2895401,0
2142554,2895390,0
2142554,2895397,0
2142554,2895398,0
2142554,2895401,0
2143196,2895389,0
2143196,2895396,0
2143196,2895400,0
2143196,2895401,0
2142814,2895390,0
2142814,2895396,0
2142814,2895400,0
2142814,2895401,0
2142407,2895390,0
2142407,2895397,0
2142407,2895399,0
2142407,2895401,0
2143033,2895390,0
2143033,2895396,0
2143033,2895399,0
2143033,2895401,0
2075092,2895390,0
2075092,2895396,0
2075092,2895399,0
2075092,2895401,0
2143293,2895389,0
2143293,2895397,0
2143293,2895399,0
2143293,2895401,0
2142886,2895390,0
2142886,2895396,0
2142886,2895399,0
2142886,2895401,0
2142479,2895390,0
2142479,2895396,0
2142479,2895400,0
2142479,2895401,0
2074459,2895390,0
2074459,2895397,0
2074459,2895398,0
2074459,2895401,0
2143105,2895390,0
2143105,2895397,0
2143105,2895398,0
2143105,2895401,0
2142723,2895389,0
2142723,2895396,0
2142723,2895400,0
2142723,2895401,0
2143365,2895389,0
2143365,2895396,0
2143365,2895398,0
2143365,2895401,0
2142572,2895389,0
2142572,2895396,0
2142572,2895400,0
2142572,2895401,0
2142816,2895389,0
2142816,2895397,0
2142816,2895398,0
2142816,2895401,0
2143458,2895390,0
2143458,2895397,0
2143458,2895399,0
2143458,2895401,0
2142409,2895389,0
2142409,2895396,0
2142409,2895399,0
2142409,2895401,0
2142644,2895389,0
2142644,2895397,0
2142644,2895398,0
2142644,2895401,0
2143311,2895389,0
2143311,2895397,0
2143311,2895399,0
2143311,2895401,0
2142262,2895389,0
2142262,2895396,0
2142262,2895398,0
2142262,2895401,0
2142174,2895390,0
2142174,2895396,0
2142174,2895400,0
2142174,2895401,0
2142481,2895390,0
2142481,2895396,0
2142481,2895400,0
2142481,2895401,0
2143123,2895389,0
2143123,2895397,0
2143123,2895400,0
2143123,2895401,0
2142741,2895389,0
2142741,2895397,0
2142741,2895399,0
2142741,2895401,0
2143383,2895389,0
2143383,2895396,0
2143383,2895399,0
2143383,2895401,0
2142590,2895389,0
2142590,2895397,0
2142590,2895398,0
2142590,2895401,0
2143216,2895389,0
2143216,2895397,0
2143216,2895398,0
2143216,2895401,0
2144588,2895389,0
2144588,2895397,0
2144588,2895399,0
2144588,2895401,1
2142834,2895390,0
2142834,2895397,0
2142834,2895398,0
2142834,2895401,1
2142427,2895390,0
2142427,2895397,0
2142427,2895398,0
2142427,2895401,0
2143069,2895390,0
2143069,2895396,0
2143069,2895398,0
2143069,2895401,0
2075112,2895390,0
2075112,2895397,0
2075112,2895400,0
2075112,2895401,0
2142662,2895390,0
2142662,2895396,0
2142662,2895400,0
2142662,2895401,0
2143313,2895390,0
2143313,2895397,0
2143313,2895400,0
2143313,2895401,0
2142264,2895390,0
2142264,2895396,0
2142264,2895400,0
2142264,2895401,0
2142906,2895389,0
2142906,2895396,0
2142906,2895398,0
2142906,2895401,0
2142176,2895389,0
2142176,2895396,0
2142176,2895399,0
2142176,2895401,0
2143141,2895390,0
2143141,2895396,0
2143141,2895400,0
2143141,2895401,0
2142759,2895390,0
2142759,2895397,0
2142759,2895398,0
2142759,2895401,0
2143385,2895390,0
2143385,2895396,0
2143385,2895400,0
2143385,2895401,0
2142336,2895390,0
2142336,2895397,0
2142336,2895400,0
2142336,2895401,0
2142978,2895389,0
2142978,2895396,0
2142978,2895400,0
2142978,2895401,0
2123807,2895389,0
2123807,2895396,0
2123807,2895398,0
2123807,2895401,0
2143238,2895389,0
2143238,2895396,0
2143238,2895400,0
2143238,2895401,0
2142445,2895390,0
2142445,2895396,0
2142445,2895400,0
2142445,2895401,0
